日期,代號,名稱,開盤,最高,最低,收盤,成交金額,資料來源,下載時間
2025-05-19,1101,台泥,30.15,30.25,29.7,29.8,568166300,TWSE,2025-06-07 13:27:07
2025-05-19,1102,亞泥,44.35,44.9,43.8,44.2,856468763,TWSE,2025-06-07 13:27:07
2025-05-19,1103,嘉泥,15.7,15.9,15.7,15.85,2463416,TWSE,2025-06-07 13:27:07
2025-05-19,1104,環泥,29.45,29.5,29.25,29.4,5224478,TWSE,2025-06-07 13:27:07
2025-05-19,1108,幸福,15.2,15.3,15.2,15.25,1311469,TWSE,2025-06-07 13:27:07
2025-05-19,1109,信大,17.2,17.2,17.05,17.15,1217813,TWSE,2025-06-07 13:27:07
2025-05-19,1110,東泥,19.5,20.45,19.5,20.15,14918530,TWSE,2025-06-07 13:27:07
2025-05-19,1201,味全,16.9,17.05,16.9,16.95,3839311,TWSE,2025-06-07 13:27:07
2025-05-19,1203,味王,41.2,41.2,40.55,40.7,1064428,TWSE,2025-06-07 13:27:07
2025-05-19,1210,大成,62.8,63.8,62.4,62.9,199535193,TWSE,2025-06-07 13:27:07
2025-05-19,1213,大飲,13.2,13.3,12.95,13.05,3568748,TWSE,2025-06-07 13:27:07
2025-05-19,1215,卜蜂,114.5,116.0,113.5,114.5,145957462,TWSE,2025-06-07 13:27:07
2025-05-19,1216,統一,79.8,83.2,79.7,83.0,2422691053,TWSE,2025-06-07 13:27:07
2025-05-19,1217,愛之味,11.2,11.25,11.15,11.2,5919352,TWSE,2025-06-07 13:27:07
2025-05-19,1218,泰山,21.55,21.75,21.45,21.5,23572235,TWSE,2025-06-07 13:27:07
2025-05-19,1219,福壽,15.65,15.9,15.6,15.7,10306818,TWSE,2025-06-07 13:27:07
2025-05-19,1220,台榮,14.6,14.75,14.6,14.65,2605465,TWSE,2025-06-07 13:27:07
2025-05-19,1227,佳格,36.0,36.15,35.65,35.7,27436996,TWSE,2025-06-07 13:27:07
2025-05-19,1229,聯華,47.0,47.0,46.0,46.3,42844720,TWSE,2025-06-07 13:27:07
2025-05-19,1231,聯華食,136.0,137.5,135.0,137.0,26626324,TWSE,2025-06-07 13:27:07
2025-05-19,1232,大統益,161.0,163.0,160.0,162.5,24079621,TWSE,2025-06-07 13:27:07
2025-05-19,1233,天仁,32.6,32.7,32.55,32.55,892796,TWSE,2025-06-07 13:27:07
2025-05-19,1234,黑松,42.35,42.65,41.9,42.1,13118963,TWSE,2025-06-07 13:27:07
2025-05-19,1235,興泰,106.5,107.0,104.5,104.5,1045938,TWSE,2025-06-07 13:27:07
2025-05-19,1236,宏亞,21.95,21.95,21.95,21.95,83965,TWSE,2025-06-07 13:27:07
2025-05-19,1256,鮮活果汁-KY,120.0,120.0,118.5,118.5,1517112,TWSE,2025-06-07 13:27:07
2025-05-19,1301,台塑,37.15,37.25,36.4,36.85,327381978,TWSE,2025-06-07 13:27:07
2025-05-19,1303,南亞,31.75,31.8,31.15,31.65,175352823,TWSE,2025-06-07 13:27:07
2025-05-19,1304,台聚,10.3,10.35,10.15,10.2,6702759,TWSE,2025-06-07 13:27:07
2025-05-19,1305,華夏,11.4,11.4,11.1,11.15,8534249,TWSE,2025-06-07 13:27:07
2025-05-19,1307,三芳,39.95,39.95,38.85,39.05,59207665,TWSE,2025-06-07 13:27:07
2025-05-19,1308,亞聚,12.6,12.6,12.4,12.45,4933067,TWSE,2025-06-07 13:27:07
2025-05-19,1309,台達化,11.9,12.0,11.8,11.85,5611963,TWSE,2025-06-07 13:27:07
2025-05-19,1310,台苯,8.98,9.03,8.94,8.94,3987861,TWSE,2025-06-07 13:27:07
2025-05-19,1312,國喬,11.15,11.2,11.0,11.05,28593345,TWSE,2025-06-07 13:27:07
2025-05-19,1313,聯成,8.56,8.56,8.42,8.43,6220917,TWSE,2025-06-07 13:27:07
2025-05-19,1314,中石化,7.41,7.45,7.3,7.31,39696044,TWSE,2025-06-07 13:27:07
2025-05-19,1315,達新,66.6,67.0,66.3,66.3,4260434,TWSE,2025-06-07 13:27:07
2025-05-19,1316,上曜,15.6,15.75,15.3,15.3,95188392,TWSE,2025-06-07 13:27:07
2025-05-19,1319,東陽,131.5,132.0,129.5,130.0,380704699,TWSE,2025-06-07 13:27:07
2025-05-19,1321,大洋,37.3,37.3,36.65,36.95,5865249,TWSE,2025-06-07 13:27:07
2025-05-19,1323,永裕,20.6,20.65,20.35,20.6,292751,TWSE,2025-06-07 13:27:07
2025-05-19,1324,地球,11.45,11.55,11.3,11.55,2209330,TWSE,2025-06-07 13:27:07
2025-05-19,1325,恆大,32.0,32.6,31.8,32.6,72774369,TWSE,2025-06-07 13:27:07
2025-05-19,1326,台化,25.55,25.8,25.2,25.4,149446842,TWSE,2025-06-07 13:27:07
2025-05-19,1337,再生-KY,6.57,6.65,6.29,6.32,3227140,TWSE,2025-06-07 13:27:07
2025-05-19,1338,廣華-KY,24.95,25.2,24.7,24.7,2374833,TWSE,2025-06-07 13:27:07
2025-05-19,1339,昭輝,53.5,54.2,53.3,53.7,1567469,TWSE,2025-06-07 13:27:07
2025-05-19,1340,勝悅-KY,7.56,7.56,7.39,7.39,486958,TWSE,2025-06-07 13:27:07
2025-05-19,1341,富林-KY,66.0,66.0,65.1,65.1,196336,TWSE,2025-06-07 13:27:07
2025-05-19,1342,八貫,95.0,95.7,93.8,94.1,16232983,TWSE,2025-06-07 13:27:07
2025-05-19,1402,遠東新,32.65,32.95,32.05,32.05,686762384,TWSE,2025-06-07 13:27:07
2025-05-19,1409,新纖,13.3,13.3,13.1,13.25,14913312,TWSE,2025-06-07 13:27:07
2025-05-19,1410,南染,36.8,37.85,36.8,36.8,3698624,TWSE,2025-06-07 13:27:07
2025-05-19,1413,宏洲,11.9,12.0,11.9,12.0,61266,TWSE,2025-06-07 13:27:07
2025-05-19,1414,東和,19.5,19.9,19.5,19.9,11202313,TWSE,2025-06-07 13:27:07
2025-05-19,1416,廣豐,12.6,12.65,12.5,12.65,1318075,TWSE,2025-06-07 13:27:07
2025-05-19,1417,嘉裕,8.05,8.05,7.94,8.04,2007464,TWSE,2025-06-07 13:27:07
2025-05-19,1418,東華,23.3,23.6,22.4,23.35,1696214,TWSE,2025-06-07 13:27:07
2025-05-19,1419,新紡,52.0,52.4,50.3,52.4,203916453,TWSE,2025-06-07 13:27:07
2025-05-19,1423,利華,35.45,36.5,35.4,36.5,1262062,TWSE,2025-06-07 13:27:07
2025-05-19,1432,大魯閣,17.6,18.4,17.55,18.4,10086408,TWSE,2025-06-07 13:27:07
2025-05-19,1434,福懋,17.3,17.4,17.15,17.4,8348040,TWSE,2025-06-07 13:27:07
2025-05-19,1435,中福,35.0,35.9,34.7,35.9,176197,TWSE,2025-06-07 13:27:07
2025-05-19,1436,華友聯,125.5,125.5,123.0,123.0,35722803,TWSE,2025-06-07 13:27:07
2025-05-19,1437,勤益控,32.6,32.6,32.35,32.4,1248248,TWSE,2025-06-07 13:27:07
2025-05-19,1438,三地開發,45.25,45.25,44.0,44.0,1186611,TWSE,2025-06-07 13:27:07
2025-05-19,1439,雋揚,31.45,31.45,31.0,31.0,219285,TWSE,2025-06-07 13:27:07
2025-05-19,1440,南紡,14.5,14.6,14.2,14.2,37442865,TWSE,2025-06-07 13:27:07
2025-05-19,1441,大東,13.5,13.5,12.55,12.8,461098,TWSE,2025-06-07 13:27:07
2025-05-19,1442,名軒,70.9,70.9,69.4,69.6,55806510,TWSE,2025-06-07 13:27:07
2025-05-19,1443,立益物流,30.95,31.5,30.8,31.5,601187,TWSE,2025-06-07 13:27:07
2025-05-19,1444,力麗,7.26,7.26,7.16,7.17,4093984,TWSE,2025-06-07 13:27:07
2025-05-19,1445,大宇,15.15,15.15,14.75,14.8,526714,TWSE,2025-06-07 13:27:07
2025-05-19,1446,宏和,27.85,27.85,27.1,27.1,7153928,TWSE,2025-06-07 13:27:07
2025-05-19,1447,力鵬,6.45,6.5,6.33,6.35,3994688,TWSE,2025-06-07 13:27:07
2025-05-19,1449,佳和,14.55,14.55,14.05,14.05,7301934,TWSE,2025-06-07 13:27:07
2025-05-19,1451,年興,20.3,20.3,19.95,20.1,5293104,TWSE,2025-06-07 13:27:07
2025-05-19,1452,宏益,12.7,12.7,12.45,12.45,1423818,TWSE,2025-06-07 13:27:07
2025-05-19,1453,大將,15.3,15.35,14.85,14.85,2443736,TWSE,2025-06-07 13:27:07
2025-05-19,1454,台富,14.15,14.15,14.05,14.05,327370,TWSE,2025-06-07 13:27:07
2025-05-19,1455,集盛,9.45,9.45,9.27,9.28,1973323,TWSE,2025-06-07 13:27:07
2025-05-19,1456,怡華,13.5,13.75,13.2,13.35,513454,TWSE,2025-06-07 13:27:07
2025-05-19,1457,宜進,18.0,18.1,17.8,17.8,1469265,TWSE,2025-06-07 13:27:07
2025-05-19,1459,聯發,12.1,12.1,11.85,12.0,1366211,TWSE,2025-06-07 13:27:07
2025-05-19,1460,宏遠,6.88,6.95,6.8,6.9,4241188,TWSE,2025-06-07 13:27:07
2025-05-19,1463,強盛新,22.1,22.1,21.8,21.85,2924054,TWSE,2025-06-07 13:27:07
2025-05-19,1464,得力,14.05,14.05,13.8,13.8,20146699,TWSE,2025-06-07 13:27:07
2025-05-19,1465,偉全,13.8,13.8,13.6,13.7,1941331,TWSE,2025-06-07 13:27:07
2025-05-19,1466,聚隆,17.05,17.05,16.4,16.65,10535797,TWSE,2025-06-07 13:27:07
2025-05-19,1467,南緯,9.06,9.06,8.93,8.95,3091625,TWSE,2025-06-07 13:27:07
2025-05-19,1468,昶和,14.2,14.2,14.0,14.15,576913,TWSE,2025-06-07 13:27:07
2025-05-19,1470,大統新創,25.5,26.0,25.45,26.0,155457,TWSE,2025-06-07 13:27:07
2025-05-19,1471,首利,11.65,11.65,11.1,11.2,7646131,TWSE,2025-06-07 13:27:07
2025-05-19,1472,三洋實業,106.0,106.0,101.0,102.5,14771332,TWSE,2025-06-07 13:27:07
2025-05-19,1473,台南,30.6,30.6,30.1,30.25,4792089,TWSE,2025-06-07 13:27:07
2025-05-19,1474,弘裕,13.4,13.6,13.35,13.45,784030,TWSE,2025-06-07 13:27:07
2025-05-19,1475,業旺,45.5,45.5,44.85,44.85,3076095,TWSE,2025-06-07 13:27:07
2025-05-19,1476,儒鴻,452.0,457.0,446.0,448.5,335308219,TWSE,2025-06-07 13:27:07
2025-05-19,1477,聚陽,280.5,282.5,279.5,280.0,282764490,TWSE,2025-06-07 13:27:07
2025-05-19,1503,士電,188.0,202.0,185.0,193.5,8356102738,TWSE,2025-06-07 13:27:07
2025-05-19,1504,東元,52.1,53.0,51.8,52.3,275517586,TWSE,2025-06-07 13:27:07
2025-05-19,1506,正道,12.0,12.0,11.75,11.9,609855,TWSE,2025-06-07 13:27:07
2025-05-19,1512,瑞利,9.23,10.2,9.23,9.98,3036804,TWSE,2025-06-07 13:27:07
2025-05-19,1513,中興電,152.5,154.5,150.0,151.5,3508705205,TWSE,2025-06-07 13:27:07
2025-05-19,1514,亞力,109.5,113.5,108.5,110.0,2118373361,TWSE,2025-06-07 13:27:07
2025-05-19,1515,力山,30.4,30.85,30.4,30.55,3581931,TWSE,2025-06-07 13:27:07
2025-05-19,1516,川飛,18.55,18.55,18.25,18.25,1984311,TWSE,2025-06-07 13:27:07
2025-05-19,1517,利奇,11.65,11.65,11.45,11.55,1634053,TWSE,2025-06-07 13:27:07
2025-05-19,1519,華城,500.0,505.0,480.5,480.5,3159202739,TWSE,2025-06-07 13:27:07
2025-05-19,1521,大億,28.0,28.0,27.2,27.55,557858,TWSE,2025-06-07 13:27:07
2025-05-19,1522,堤維西,48.45,48.6,47.6,47.65,37025403,TWSE,2025-06-07 13:27:07
2025-05-19,1524,耿鼎,33.25,33.25,32.35,32.35,65640781,TWSE,2025-06-07 13:27:07
2025-05-19,1525,江申,63.2,64.9,63.2,64.9,781364,TWSE,2025-06-07 13:27:07
2025-05-19,1526,日馳,22.35,22.8,22.3,22.4,1464664,TWSE,2025-06-07 13:27:07
2025-05-19,1527,鑽全,38.7,38.7,38.15,38.5,4915416,TWSE,2025-06-07 13:27:07
2025-05-19,1528,恩德,14.35,14.7,13.95,14.0,54544809,TWSE,2025-06-07 13:27:07
2025-05-19,1529,樂事綠能,28.2,31.1,28.1,28.5,437423921,TWSE,2025-06-07 13:27:07
2025-05-19,1530,亞崴,31.8,32.1,31.55,31.75,6166559,TWSE,2025-06-07 13:27:07
2025-05-19,1531,高林股,13.5,13.5,12.6,12.65,4990190,TWSE,2025-06-07 13:27:07
2025-05-19,1532,勤美,27.25,27.25,26.8,26.8,18203600,TWSE,2025-06-07 13:27:07
2025-05-19,1533,車王電,31.6,31.6,30.2,30.2,1231321,TWSE,2025-06-07 13:27:07
2025-05-19,1535,中宇,56.2,56.6,56.2,56.5,3168746,TWSE,2025-06-07 13:27:07
2025-05-19,1536,和大,65.0,66.2,63.2,63.2,608510828,TWSE,2025-06-07 13:27:07
2025-05-19,1537,廣隆,146.5,146.5,144.5,144.5,8067565,TWSE,2025-06-07 13:27:07
2025-05-19,1538,正峰,29.35,29.35,29.35,29.35,29350,TWSE,2025-06-07 13:27:07
2025-05-19,1539,巨庭,20.1,20.1,19.45,19.5,2639278,TWSE,2025-06-07 13:27:07
2025-05-19,1540,喬福,32.45,32.85,31.6,31.65,25850084,TWSE,2025-06-07 13:27:07
2025-05-19,1541,錩泰,27.35,27.35,27.35,27.35,32437,TWSE,2025-06-07 13:27:07
2025-05-19,1558,伸興,98.5,99.5,98.5,98.6,2417020,TWSE,2025-06-07 13:27:07
2025-05-19,1560,中砂,287.0,291.5,285.0,285.0,550093473,TWSE,2025-06-07 13:27:07
2025-05-19,1563,巧新,60.6,60.8,59.9,60.0,20123213,TWSE,2025-06-07 13:27:07
2025-05-19,1568,倉佑,25.9,25.9,25.5,25.5,5768809,TWSE,2025-06-07 13:27:07
2025-05-19,1582,信錦,80.2,80.2,78.5,78.5,65109529,TWSE,2025-06-07 13:27:07
2025-05-19,1583,程泰,59.9,60.4,59.8,60.0,5108340,TWSE,2025-06-07 13:27:07
2025-05-19,1587,吉茂,31.0,31.1,30.25,30.3,4376968,TWSE,2025-06-07 13:27:07
2025-05-19,1589,永冠-KY,29.65,29.65,29.25,29.3,3882604,TWSE,2025-06-07 13:27:07
2025-05-19,1590,亞德客-KY,940.0,944.0,917.0,923.0,680752800,TWSE,2025-06-07 13:27:07
2025-05-19,1597,直得,91.4,98.1,91.4,93.8,1509210201,TWSE,2025-06-07 13:27:07
2025-05-19,1598,岱宇,22.6,22.6,22.1,22.2,3790099,TWSE,2025-06-07 13:27:07
2025-05-19,1603,華電,38.2,38.55,37.65,37.65,14898520,TWSE,2025-06-07 13:27:07
2025-05-19,1604,聲寶,27.15,27.3,26.9,27.3,9321714,TWSE,2025-06-07 13:27:07
2025-05-19,1605,華新,23.2,23.45,22.85,22.95,321150066,TWSE,2025-06-07 13:27:07
2025-05-19,1608,華榮,25.7,25.95,25.3,25.4,25402649,TWSE,2025-06-07 13:27:07
2025-05-19,1609,大亞,38.3,38.8,38.0,38.0,144844892,TWSE,2025-06-07 13:27:07
2025-05-19,1611,中電,14.35,14.35,13.9,13.9,4367023,TWSE,2025-06-07 13:27:07
2025-05-19,1612,宏泰,33.4,33.75,33.1,33.2,13271163,TWSE,2025-06-07 13:27:07
2025-05-19,1614,三洋電,39.25,39.25,39.0,39.0,2115648,TWSE,2025-06-07 13:27:07
2025-05-19,1615,大山,52.5,52.9,52.1,52.5,6393591,TWSE,2025-06-07 13:27:07
2025-05-19,1616,億泰,26.65,26.85,26.3,26.4,93376840,TWSE,2025-06-07 13:27:07
2025-05-19,1617,榮星,18.15,18.15,17.3,17.55,3395382,TWSE,2025-06-07 13:27:07
2025-05-19,1618,合機,50.2,50.8,49.0,49.2,454673761,TWSE,2025-06-07 13:27:07
2025-05-19,1626,艾美特-KY,12.5,12.5,12.4,12.4,375800,TWSE,2025-06-07 13:27:07
2025-05-19,1702,南僑,47.8,48.15,47.75,47.75,24245905,TWSE,2025-06-07 13:27:07
2025-05-19,1707,葡萄王,133.5,135.0,133.5,134.0,14134934,TWSE,2025-06-07 13:27:07
2025-05-19,1708,東鹼,37.2,37.7,37.0,37.1,61339237,TWSE,2025-06-07 13:27:07
2025-05-19,1709,和益,18.4,18.55,18.2,18.25,8425789,TWSE,2025-06-07 13:27:07
2025-05-19,1710,東聯,13.8,14.1,13.8,13.8,12715683,TWSE,2025-06-07 13:27:07
2025-05-19,1711,永光,17.3,17.3,16.95,16.95,12197046,TWSE,2025-06-07 13:27:07
2025-05-19,1712,興農,42.3,42.6,42.05,42.4,20365403,TWSE,2025-06-07 13:27:07
2025-05-19,1713,國化,54.1,55.4,53.8,53.8,22246476,TWSE,2025-06-07 13:27:07
2025-05-19,1714,和桐,8.22,8.25,8.09,8.09,13575961,TWSE,2025-06-07 13:27:07
2025-05-19,1717,長興,26.4,26.45,26.0,26.0,29239938,TWSE,2025-06-07 13:27:07
2025-05-19,1718,中纖,6.74,6.76,6.7,6.74,10191031,TWSE,2025-06-07 13:27:07
2025-05-19,1720,生達,59.0,59.6,59.0,59.2,13064552,TWSE,2025-06-07 13:27:07
2025-05-19,1721,三晃,12.6,12.6,12.3,12.55,5155399,TWSE,2025-06-07 13:27:07
2025-05-19,1722,台肥,55.3,58.4,55.0,55.4,503417262,TWSE,2025-06-07 13:27:07
2025-05-19,1723,中碳,94.0,94.4,93.4,94.3,14520517,TWSE,2025-06-07 13:27:07
2025-05-19,1725,元禎,30.7,30.8,30.0,30.05,847815,TWSE,2025-06-07 13:27:07
2025-05-19,1726,永記,76.8,76.8,75.9,76.1,1696797,TWSE,2025-06-07 13:27:07
2025-05-19,1727,中華化,24.6,24.8,23.9,24.0,6967281,TWSE,2025-06-07 13:27:07
2025-05-19,1730,花仙子,57.9,59.9,57.3,57.4,18305013,TWSE,2025-06-07 13:27:07
2025-05-19,1731,美吾華,22.8,23.15,22.8,22.85,2575484,TWSE,2025-06-07 13:27:07
2025-05-19,1732,毛寶,28.3,28.95,28.0,28.95,50688128,TWSE,2025-06-07 13:27:07
2025-05-19,1733,五鼎,30.95,31.85,30.95,31.2,9867839,TWSE,2025-06-07 13:27:07
2025-05-19,1734,杏輝,32.95,33.5,32.8,33.05,17334499,TWSE,2025-06-07 13:27:07
2025-05-19,1735,日勝化,16.6,16.6,16.45,16.45,489544,TWSE,2025-06-07 13:27:07
2025-05-19,1736,喬山,160.0,160.0,154.5,157.0,137518755,TWSE,2025-06-07 13:27:07
2025-05-19,1737,臺鹽,32.6,32.9,32.6,32.7,1348783,TWSE,2025-06-07 13:27:07
2025-05-19,1752,南光,37.0,37.5,36.95,37.25,6089394,TWSE,2025-06-07 13:27:07
2025-05-19,1760,寶齡富錦,72.9,78.1,72.8,76.6,96079059,TWSE,2025-06-07 13:27:07
2025-05-19,1762,中化生,29.0,30.35,28.9,28.9,7481349,TWSE,2025-06-07 13:27:07
2025-05-19,1773,勝一,143.0,143.5,141.0,143.0,16731088,TWSE,2025-06-07 13:27:07
2025-05-19,1776,展宇,18.0,18.2,18.0,18.2,167034,TWSE,2025-06-07 13:27:07
2025-05-19,1783,和康生,41.9,43.1,41.75,42.8,5493633,TWSE,2025-06-07 13:27:07
2025-05-19,1786,科妍,96.5,97.7,95.6,95.6,21088970,TWSE,2025-06-07 13:27:07
2025-05-19,1789,神隆,18.6,19.0,18.6,18.8,13273861,TWSE,2025-06-07 13:27:07
2025-05-19,1795,美時,225.0,232.0,224.0,224.5,442250441,TWSE,2025-06-07 13:27:07
2025-05-19,1802,台玻,14.7,14.7,14.25,14.25,61809467,TWSE,2025-06-07 13:27:07
2025-05-19,1805,寶徠,14.55,14.65,14.2,14.65,1729082,TWSE,2025-06-07 13:27:07
2025-05-19,1806,冠軍,11.0,11.15,10.95,11.1,9788211,TWSE,2025-06-07 13:27:07
2025-05-19,1808,潤隆,31.4,31.4,30.65,30.75,56578469,TWSE,2025-06-07 13:27:07
2025-05-19,1809,中釉,16.65,16.8,16.5,16.5,2883292,TWSE,2025-06-07 13:27:07
2025-05-19,1810,和成,17.3,17.3,16.85,16.95,20803048,TWSE,2025-06-07 13:27:07
2025-05-19,1817,凱撒衛,44.5,44.85,43.75,43.75,3796329,TWSE,2025-06-07 13:27:07
2025-05-19,1903,士紙,58.5,63.3,56.8,63.1,971480114,TWSE,2025-06-07 13:27:07
2025-05-19,1904,正隆,18.4,18.5,18.3,18.3,6546691,TWSE,2025-06-07 13:27:07
2025-05-19,1905,華紙,14.25,14.35,14.05,14.2,20783161,TWSE,2025-06-07 13:27:07
2025-05-19,1906,寶隆,13.05,13.05,12.85,12.85,264448,TWSE,2025-06-07 13:27:07
2025-05-19,1907,永豐餘,27.3,27.65,27.15,27.5,24945169,TWSE,2025-06-07 13:27:07
2025-05-19,1909,榮成,9.9,9.9,9.71,9.78,10940930,TWSE,2025-06-07 13:27:07
2025-05-19,2002,中鋼,21.0,21.25,20.85,21.1,545648923,TWSE,2025-06-07 13:27:07
2025-05-19,2006,東和鋼鐵,67.0,67.1,66.4,66.5,42060293,TWSE,2025-06-07 13:27:07
2025-05-19,2007,燁興,8.4,8.42,8.32,8.38,645772,TWSE,2025-06-07 13:27:07
2025-05-19,2008,高興昌,26.1,26.1,24.65,25.05,372666,TWSE,2025-06-07 13:27:07
2025-05-19,2009,第一銅,34.9,34.9,34.0,34.0,31887431,TWSE,2025-06-07 13:27:07
2025-05-19,2010,春源,20.15,20.3,19.85,19.9,22518594,TWSE,2025-06-07 13:27:07
2025-05-19,2012,春雨,21.0,21.0,20.8,20.85,320242,TWSE,2025-06-07 13:27:07
2025-05-19,2013,中鋼構,44.5,44.85,44.35,44.35,2436241,TWSE,2025-06-07 13:27:07
2025-05-19,2014,中鴻,16.9,16.9,16.55,16.55,54843440,TWSE,2025-06-07 13:27:07
2025-05-19,2015,豐興,61.5,62.7,61.4,62.3,20491762,TWSE,2025-06-07 13:27:07
2025-05-19,2017,官田鋼,10.3,10.3,10.05,10.05,3858949,TWSE,2025-06-07 13:27:07
2025-05-19,2020,美亞,28.6,28.75,28.55,28.55,8721153,TWSE,2025-06-07 13:27:07
2025-05-19,2022,聚亨,8.31,8.32,8.21,8.3,1484123,TWSE,2025-06-07 13:27:07
2025-05-19,2023,燁輝,15.2,15.25,15.05,15.2,20387247,TWSE,2025-06-07 13:27:07
2025-05-19,2024,志聯,17.8,17.8,17.8,17.8,221810,TWSE,2025-06-07 13:27:07
2025-05-19,2025,千興,16.3,16.3,15.65,15.8,2383552,TWSE,2025-06-07 13:27:07
2025-05-19,2027,大成鋼,37.75,37.9,36.8,36.8,548092703,TWSE,2025-06-07 13:27:07
2025-05-19,2028,威致,18.7,18.7,18.3,18.3,1381131,TWSE,2025-06-07 13:27:07
2025-05-19,2029,盛餘,24.55,24.55,24.2,24.35,5862577,TWSE,2025-06-07 13:27:07
2025-05-19,2030,彰源,15.85,15.85,15.6,15.75,3072061,TWSE,2025-06-07 13:27:07
2025-05-19,2031,新光鋼,44.0,44.25,43.5,43.5,22936308,TWSE,2025-06-07 13:27:07
2025-05-19,2032,新鋼,16.85,16.85,16.35,16.4,4429433,TWSE,2025-06-07 13:27:07
2025-05-19,2033,佳大,18.55,18.55,16.9,17.85,5542698,TWSE,2025-06-07 13:27:07
2025-05-19,2034,允強,23.6,24.3,23.15,23.3,64141444,TWSE,2025-06-07 13:27:07
2025-05-19,2038,海光,16.65,16.8,16.5,16.55,6664458,TWSE,2025-06-07 13:27:07
2025-05-19,2049,上銀,243.0,246.5,234.0,235.0,1986034640,TWSE,2025-06-07 13:27:07
2025-05-19,2059,川湖,2020.0,2070.0,1965.0,1965.0,2210557290,TWSE,2025-06-07 13:27:07
2025-05-19,2062,橋椿,26.4,26.4,25.7,25.7,11171343,TWSE,2025-06-07 13:27:07
2025-05-19,2069,運錩,16.75,16.8,16.6,16.7,3577919,TWSE,2025-06-07 13:27:07
2025-05-19,2101,南港,42.5,46.55,39.85,40.75,1177178857,TWSE,2025-06-07 13:27:07
2025-05-19,2102,泰豐,21.55,21.55,20.7,21.0,16573001,TWSE,2025-06-07 13:27:07
2025-05-19,2103,台橡,19.4,19.45,19.3,19.45,8618517,TWSE,2025-06-07 13:27:07
2025-05-19,2104,國際中橡,11.7,11.8,11.45,11.55,11935268,TWSE,2025-06-07 13:27:07
2025-05-19,2105,正新,50.9,53.2,50.9,51.9,406336368,TWSE,2025-06-07 13:27:07
2025-05-19,2106,建大,24.55,24.6,24.15,24.2,9242181,TWSE,2025-06-07 13:27:07
2025-05-19,2107,厚生,26.75,26.75,26.2,26.35,6816455,TWSE,2025-06-07 13:27:07
2025-05-19,2108,南帝,27.9,28.25,27.55,27.6,9356202,TWSE,2025-06-07 13:27:07
2025-05-19,2109,華豐,17.8,17.8,17.5,17.5,6389786,TWSE,2025-06-07 13:27:07
2025-05-19,2114,鑫永銓,92.5,92.5,92.2,92.2,1117451,TWSE,2025-06-07 13:27:07
2025-05-19,2115,六暉-KY,29.9,29.9,29.05,29.3,700198,TWSE,2025-06-07 13:27:07
2025-05-19,2201,裕隆,39.6,39.6,38.4,38.45,90241831,TWSE,2025-06-07 13:27:07
2025-05-19,2204,中華,70.9,71.6,69.5,69.5,162149415,TWSE,2025-06-07 13:27:07
2025-05-19,2206,三陽工業,71.9,72.0,70.4,70.8,58017449,TWSE,2025-06-07 13:27:07
2025-05-19,2207,和泰車,623.0,623.0,611.0,615.0,129482497,TWSE,2025-06-07 13:27:07
2025-05-19,2208,台船,17.3,17.45,16.8,16.85,41976772,TWSE,2025-06-07 13:27:07
2025-05-19,2211,長榮鋼,89.4,89.4,86.4,86.4,85821000,TWSE,2025-06-07 13:27:07
2025-05-19,2227,裕日車,60.7,61.7,60.0,60.8,2368568,TWSE,2025-06-07 13:27:07
2025-05-19,2228,劍麟,96.3,96.4,94.8,94.8,23820364,TWSE,2025-06-07 13:27:07
2025-05-19,2231,為升,88.5,89.6,87.8,88.6,13982685,TWSE,2025-06-07 13:27:07
2025-05-19,2233,宇隆,178.0,180.5,171.5,171.5,204642412,TWSE,2025-06-07 13:27:07
2025-05-19,2236,百達-KY,94.4,94.7,92.6,93.5,18370891,TWSE,2025-06-07 13:27:07
2025-05-19,2239,英利-KY,29.1,31.3,29.0,30.55,4183818,TWSE,2025-06-07 13:27:07
2025-05-19,2241,艾姆勒,26.15,26.6,26.05,26.15,6376329,TWSE,2025-06-07 13:27:07
2025-05-19,2243,宏旭-KY,12.8,12.8,12.6,12.75,1394956,TWSE,2025-06-07 13:27:07
2025-05-19,2247,汎德永業,295.0,295.0,292.5,293.0,13087083,TWSE,2025-06-07 13:27:07
2025-05-19,2248,華勝-KY,50.5,50.8,50.0,50.0,2765466,TWSE,2025-06-07 13:27:07
2025-05-19,2250,IKKA-KY,105.5,106.0,101.5,101.5,49491980,TWSE,2025-06-07 13:27:07
2025-05-19,2254,巨鎧精密-創,65.9,65.9,65.0,65.0,201460,TWSE,2025-06-07 13:27:07
2025-05-19,2258,鴻華先進-創,40.3,40.3,39.45,40.0,23258411,TWSE,2025-06-07 13:27:07
2025-05-19,2301,光寶科,101.0,103.0,100.5,101.0,519597195,TWSE,2025-06-07 13:27:07
2025-05-19,2302,麗正,17.1,17.1,16.85,16.85,5549529,TWSE,2025-06-07 13:27:07
2025-05-19,2303,聯電,47.6,47.95,47.5,47.75,1767427775,TWSE,2025-06-07 13:27:07
2025-05-19,2305,全友,11.0,11.05,10.75,10.85,3043420,TWSE,2025-06-07 13:27:07
2025-05-19,2308,台達電,367.0,369.0,362.0,363.0,1523421661,TWSE,2025-06-07 13:27:07
2025-05-19,2312,金寶,20.9,22.2,20.35,21.6,783146164,TWSE,2025-06-07 13:27:07
2025-05-19,2313,華通,64.0,64.5,61.9,61.9,455737134,TWSE,2025-06-07 13:27:07
2025-05-19,2314,台揚,8.03,8.09,7.78,7.91,18804981,TWSE,2025-06-07 13:27:07
2025-05-19,2316,楠梓電,43.6,43.9,42.6,42.7,17375613,TWSE,2025-06-07 13:27:07
2025-05-19,2317,鴻海,157.0,158.0,154.0,154.0,8302375919,TWSE,2025-06-07 13:27:07
2025-05-19,2321,東訊,13.45,14.45,13.45,14.45,164144,TWSE,2025-06-07 13:27:07
2025-05-19,2323,中環,8.8,8.8,8.56,8.57,30035572,TWSE,2025-06-07 13:27:07
2025-05-19,2324,仁寶,28.3,30.15,27.8,29.15,3409956210,TWSE,2025-06-07 13:27:07
2025-05-19,2327,國巨,496.0,496.0,480.0,480.0,1251845782,TWSE,2025-06-07 13:27:07
2025-05-19,2328,廣宇,40.3,40.3,39.05,39.2,318920479,TWSE,2025-06-07 13:27:07
2025-05-19,2329,華泰,38.0,38.05,36.2,36.35,348795800,TWSE,2025-06-07 13:27:07
2025-05-19,2330,台積電,993.0,994.0,980.0,984.0,21653317847,TWSE,2025-06-07 13:27:07
2025-05-19,2331,精英,19.2,19.75,18.9,18.9,98811465,TWSE,2025-06-07 13:27:07
2025-05-19,2332,友訊,16.95,16.95,16.4,16.45,67305948,TWSE,2025-06-07 13:27:07
2025-05-19,2337,旺宏,21.4,21.8,21.2,21.35,190496606,TWSE,2025-06-07 13:27:07
2025-05-19,2338,光罩,31.1,31.35,30.65,30.65,21751522,TWSE,2025-06-07 13:27:07
2025-05-19,2340,台亞,22.05,22.15,21.7,21.7,10573803,TWSE,2025-06-07 13:27:07
2025-05-19,2342,茂矽,24.75,24.75,24.0,24.0,2892194,TWSE,2025-06-07 13:27:07
2025-05-19,2344,華邦電,17.95,18.15,17.7,17.75,679193789,TWSE,2025-06-07 13:27:07
2025-05-19,2345,智邦,711.0,722.0,701.0,705.0,3023376064,TWSE,2025-06-07 13:27:07
2025-05-19,2347,聯強,72.9,73.3,71.3,71.3,517204414,TWSE,2025-06-07 13:27:07
2025-05-19,2348,海悅,126.0,129.0,126.0,127.0,63481534,TWSE,2025-06-07 13:27:07
2025-05-19,2349,錸德,10.5,10.8,10.5,10.55,26154775,TWSE,2025-06-07 13:27:07
2025-05-19,2351,順德,74.4,74.4,71.7,71.7,84631810,TWSE,2025-06-07 13:27:07
2025-05-19,2352,佳世達,27.2,27.2,26.85,26.9,53844405,TWSE,2025-06-07 13:27:07
2025-05-19,2353,宏碁,36.35,36.8,36.15,36.35,352788846,TWSE,2025-06-07 13:27:07
2025-05-19,2354,鴻準,61.0,61.0,59.2,59.2,390215042,TWSE,2025-06-07 13:27:07
2025-05-19,2355,敬鵬,33.4,33.4,32.65,32.9,34971287,TWSE,2025-06-07 13:27:07
2025-05-19,2356,英業達,41.3,42.0,41.15,41.45,442826010,TWSE,2025-06-07 13:27:07
2025-05-19,2357,華碩,631.0,636.0,621.0,621.0,1964612250,TWSE,2025-06-07 13:27:07
2025-05-19,2359,所羅門,150.0,157.0,145.5,145.5,5052450917,TWSE,2025-06-07 13:27:07
2025-05-19,2360,致茂,329.0,333.5,323.0,329.0,892884324,TWSE,2025-06-07 13:27:07
2025-05-19,2362,藍天,47.35,47.7,47.1,47.4,35903452,TWSE,2025-06-07 13:27:07
2025-05-19,2363,矽統,51.0,51.5,49.75,49.8,123043238,TWSE,2025-06-07 13:27:07
2025-05-19,2364,倫飛,80.9,80.9,79.3,79.3,4704855,TWSE,2025-06-07 13:27:07
2025-05-19,2365,昆盈,41.35,42.8,40.35,40.6,726470500,TWSE,2025-06-07 13:27:07
2025-05-19,2367,燿華,25.8,25.9,25.3,25.35,69442735,TWSE,2025-06-07 13:27:07
2025-05-19,2368,金像電,222.0,226.5,220.0,220.5,1099430396,TWSE,2025-06-07 13:27:07
2025-05-19,2369,菱生,15.25,15.25,14.75,14.75,11010564,TWSE,2025-06-07 13:27:07
2025-05-19,2371,大同,41.0,41.3,40.3,40.95,1049357107,TWSE,2025-06-07 13:27:07
2025-05-19,2373,震旦行,61.5,61.5,61.0,61.1,1232954,TWSE,2025-06-07 13:27:07
2025-05-19,2374,佳能,53.4,54.6,52.1,52.4,670235532,TWSE,2025-06-07 13:27:07
2025-05-19,2375,凱美,61.9,61.9,60.5,60.7,23983067,TWSE,2025-06-07 13:27:07
2025-05-19,2376,技嘉,260.0,263.0,256.5,256.5,793650307,TWSE,2025-06-07 13:27:07
2025-05-19,2377,微星,139.0,144.5,137.0,139.0,1617437950,TWSE,2025-06-07 13:27:07
2025-05-19,2379,瑞昱,514.0,519.0,513.0,513.0,723992889,TWSE,2025-06-07 13:27:07
2025-05-19,2380,虹光,3.68,3.7,3.64,3.66,262383,TWSE,2025-06-07 13:27:07
2025-05-19,2382,廣達,273.0,274.0,266.0,266.0,4589675439,TWSE,2025-06-07 13:27:07
2025-05-19,2383,台光電,684.0,688.0,666.0,667.0,2311055018,TWSE,2025-06-07 13:27:07
2025-05-19,2385,群光,166.5,171.5,166.5,167.0,1073912316,TWSE,2025-06-07 13:27:07
2025-05-19,2387,精元,53.1,53.1,51.9,51.9,53826108,TWSE,2025-06-07 13:27:07
2025-05-19,2388,威盛,72.4,72.4,68.5,68.5,168549045,TWSE,2025-06-07 13:27:07
2025-05-19,2390,云辰,12.15,12.65,12.05,12.2,23135803,TWSE,2025-06-07 13:27:07
2025-05-19,2392,正崴,50.8,52.8,50.4,50.7,156156836,TWSE,2025-06-07 13:27:07
2025-05-19,2393,億光,82.3,82.3,80.2,80.2,103065745,TWSE,2025-06-07 13:27:07
2025-05-19,2395,研華,347.0,350.5,344.0,344.0,517395166,TWSE,2025-06-07 13:27:07
2025-05-19,2397,友通,67.2,67.2,65.2,65.2,17192458,TWSE,2025-06-07 13:27:07
2025-05-19,2399,映泰,20.1,20.1,19.75,19.8,13821675,TWSE,2025-06-07 13:27:07
2025-05-19,2401,凌陽,22.15,22.15,21.6,21.7,28355497,TWSE,2025-06-07 13:27:07
2025-05-19,2402,毅嘉,38.45,38.8,38.2,38.5,28102479,TWSE,2025-06-07 13:27:07
2025-05-19,2404,漢唐,536.0,558.0,536.0,550.0,2365195024,TWSE,2025-06-07 13:27:07
2025-05-19,2405,輔信,17.35,17.65,17.2,17.2,26009520,TWSE,2025-06-07 13:27:07
2025-05-19,2406,國碩,12.8,13.3,12.65,12.9,58770616,TWSE,2025-06-07 13:27:07
2025-05-19,2408,南亞科,45.65,46.0,43.8,43.95,3937848631,TWSE,2025-06-07 13:27:07
2025-05-19,2409,友達,13.75,13.75,13.45,13.5,197406759,TWSE,2025-06-07 13:27:07
2025-05-19,2412,中華電,131.0,131.5,130.5,131.0,898356409,TWSE,2025-06-07 13:27:07
2025-05-19,2413,環科,20.3,20.3,19.3,19.6,3693663,TWSE,2025-06-07 13:27:07
2025-05-19,2414,精技,43.1,43.4,42.3,42.7,18678638,TWSE,2025-06-07 13:27:07
2025-05-19,2415,錩新,25.05,25.2,24.4,24.4,1298262,TWSE,2025-06-07 13:27:07
2025-05-19,2417,圓剛,40.0,43.5,40.0,40.9,194501784,TWSE,2025-06-07 13:27:07
2025-05-19,2419,仲琦,21.35,21.35,20.95,20.95,4591823,TWSE,2025-06-07 13:27:07
2025-05-19,2420,新巨,55.7,55.7,54.7,54.9,17228970,TWSE,2025-06-07 13:27:07
2025-05-19,2421,建準,101.0,102.0,99.5,100.5,225657141,TWSE,2025-06-07 13:27:07
2025-05-19,2423,固緯,42.15,42.6,42.0,42.25,7711509,TWSE,2025-06-07 13:27:07
2025-05-19,2424,隴華,99.0,106.0,96.5,106.0,25061824,TWSE,2025-06-07 13:27:07
2025-05-19,2425,承啟,38.3,39.45,37.25,37.3,80475618,TWSE,2025-06-07 13:27:07
2025-05-19,2426,鼎元,17.0,17.0,16.65,16.75,8389893,TWSE,2025-06-07 13:27:07
2025-05-19,2427,三商電,25.1,25.25,24.8,25.0,15435979,TWSE,2025-06-07 13:27:07
2025-05-19,2428,興勤,137.5,137.5,133.5,134.0,52695655,TWSE,2025-06-07 13:27:07
2025-05-19,2429,銘旺科,56.9,57.9,55.3,56.0,185120353,TWSE,2025-06-07 13:27:07
2025-05-19,2430,燦坤,25.65,25.7,25.3,25.35,2353183,TWSE,2025-06-07 13:27:07
2025-05-19,2431,聯昌,12.25,12.35,12.05,12.15,4749988,TWSE,2025-06-07 13:27:07
2025-05-19,2432,倚天酷碁-創,30.7,31.45,30.5,31.0,400250,TWSE,2025-06-07 13:27:07
2025-05-19,2433,互盛電,50.3,50.6,50.3,50.6,312518,TWSE,2025-06-07 13:27:07
2025-05-19,2434,統懋,28.25,28.35,28.0,28.0,337150,TWSE,2025-06-07 13:27:07
2025-05-19,2436,偉詮電,47.25,47.5,46.4,46.4,28008008,TWSE,2025-06-07 13:27:07
2025-05-19,2438,翔耀,33.2,33.2,31.0,31.0,11296064,TWSE,2025-06-07 13:27:07
2025-05-19,2439,美律,125.5,127.5,123.0,123.5,250017488,TWSE,2025-06-07 13:27:07
2025-05-19,2440,太空梭,14.35,14.45,13.7,14.2,4293941,TWSE,2025-06-07 13:27:07
2025-05-19,2441,超豐,56.7,57.1,56.4,56.4,29322332,TWSE,2025-06-07 13:27:07
2025-05-19,2442,新美齊,25.7,26.0,25.5,25.7,14254288,TWSE,2025-06-07 13:27:07
2025-05-19,2444,兆勁,12.1,12.1,11.9,12.0,3741597,TWSE,2025-06-07 13:27:07
2025-05-19,2449,京元電子,97.5,98.1,95.6,95.6,1095895409,TWSE,2025-06-07 13:27:07
2025-05-19,2450,神腦,32.7,32.75,32.15,32.25,5112987,TWSE,2025-06-07 13:27:07
2025-05-19,2451,創見,101.5,106.0,100.0,103.0,281439052,TWSE,2025-06-07 13:27:07
2025-05-19,2453,凌群,61.0,61.6,60.2,60.2,63972016,TWSE,2025-06-07 13:27:07
2025-05-19,2454,聯發科,1345.0,1350.0,1310.0,1310.0,10048326155,TWSE,2025-06-07 13:27:07
2025-05-19,2455,全新,108.0,111.5,105.0,105.5,289317274,TWSE,2025-06-07 13:27:07
2025-05-19,2457,飛宏,24.85,24.85,23.85,24.5,41594965,TWSE,2025-06-07 13:27:07
2025-05-19,2458,義隆,134.5,134.5,130.5,131.5,247218992,TWSE,2025-06-07 13:27:07
2025-05-19,2459,敦吉,64.4,64.6,64.0,64.6,2398193,TWSE,2025-06-07 13:27:07
2025-05-19,2460,建通,18.6,18.8,18.3,18.5,2196697,TWSE,2025-06-07 13:27:07
2025-05-19,2461,光群雷,17.5,17.55,17.2,17.5,5038813,TWSE,2025-06-07 13:27:07
2025-05-19,2462,良得電,22.0,22.05,21.75,21.8,2789636,TWSE,2025-06-07 13:27:07
2025-05-19,2464,盟立,65.0,66.2,63.2,63.2,306636916,TWSE,2025-06-07 13:27:07
2025-05-19,2465,麗臺,60.7,62.3,59.3,60.4,35196098,TWSE,2025-06-07 13:27:07
2025-05-19,2466,冠西電,83.0,87.4,82.5,83.4,142354927,TWSE,2025-06-07 13:27:07
2025-05-19,2467,志聖,148.5,148.5,143.5,146.0,63252127,TWSE,2025-06-07 13:27:07
2025-05-19,2468,華經,71.9,71.9,66.2,68.6,860415923,TWSE,2025-06-07 13:27:07
2025-05-19,2471,資通,59.6,60.0,58.6,58.6,58658368,TWSE,2025-06-07 13:27:07
2025-05-19,2472,立隆電,79.4,79.5,77.9,78.2,97529623,TWSE,2025-06-07 13:27:07
2025-05-19,2474,可成,220.0,223.5,212.5,212.5,891593703,TWSE,2025-06-07 13:27:07
2025-05-19,2476,鉅祥,74.5,75.6,73.7,73.7,110941255,TWSE,2025-06-07 13:27:07
2025-05-19,2477,美隆電,21.85,21.85,21.6,21.6,2648994,TWSE,2025-06-07 13:27:07
2025-05-19,2478,大毅,48.9,48.9,47.2,47.2,13251660,TWSE,2025-06-07 13:27:07
2025-05-19,2480,敦陽科,162.0,164.0,160.0,163.0,57781403,TWSE,2025-06-07 13:27:07
2025-05-19,2481,強茂,50.0,50.3,49.3,49.6,81860280,TWSE,2025-06-07 13:27:07
2025-05-19,2482,連宇,20.15,20.3,19.65,19.75,2060167,TWSE,2025-06-07 13:27:07
2025-05-19,2483,百容,18.6,18.75,18.45,18.55,932055,TWSE,2025-06-07 13:27:07
2025-05-19,2484,希華,22.25,22.25,21.95,22.2,3003140,TWSE,2025-06-07 13:27:07
2025-05-19,2485,兆赫,12.55,12.55,12.35,12.35,2985774,TWSE,2025-06-07 13:27:07
2025-05-19,2486,一詮,83.6,84.6,80.7,80.7,429096068,TWSE,2025-06-07 13:27:07
2025-05-19,2488,漢平,48.6,48.85,48.1,48.1,9609742,TWSE,2025-06-07 13:27:07
2025-05-19,2489,瑞軒,15.35,15.5,14.9,14.9,79280467,TWSE,2025-06-07 13:27:07
2025-05-19,2491,吉祥全,10.75,10.75,10.3,10.65,693746,TWSE,2025-06-07 13:27:07
2025-05-19,2492,華新科,83.5,83.8,82.0,82.1,62494198,TWSE,2025-06-07 13:27:07
2025-05-19,2493,揚博,92.9,93.1,92.1,92.4,9224718,TWSE,2025-06-07 13:27:07
2025-05-19,2495,普安,24.75,24.75,24.3,24.35,17307736,TWSE,2025-06-07 13:27:07
2025-05-19,2496,卓越,73.4,74.3,73.3,73.9,2362081,TWSE,2025-06-07 13:27:07
2025-05-19,2497,怡利電,49.2,49.2,48.0,48.0,9613056,TWSE,2025-06-07 13:27:07
2025-05-19,2498,宏達電,40.3,40.35,39.15,39.15,131373300,TWSE,2025-06-07 13:27:07
2025-05-19,2501,國建,20.35,20.4,20.0,20.0,22686885,TWSE,2025-06-07 13:27:07
2025-05-19,2504,國產,44.2,44.9,44.0,44.0,287713246,TWSE,2025-06-07 13:27:07
2025-05-19,2505,國揚,20.6,21.1,20.6,21.0,2935296,TWSE,2025-06-07 13:27:07
2025-05-19,2506,太設,10.75,10.75,10.55,10.6,3370183,TWSE,2025-06-07 13:27:07
2025-05-19,2509,全坤建,14.8,14.8,14.45,14.55,3310050,TWSE,2025-06-07 13:27:07
2025-05-19,2511,太子,9.72,9.78,9.6,9.67,6502125,TWSE,2025-06-07 13:27:07
2025-05-19,2514,龍邦,17.9,17.9,17.4,17.4,4521313,TWSE,2025-06-07 13:27:07
2025-05-19,2515,中工,11.4,11.65,11.25,11.35,100987301,TWSE,2025-06-07 13:27:07
2025-05-19,2516,新建,19.15,19.5,19.0,19.0,12902019,TWSE,2025-06-07 13:27:07
2025-05-19,2520,冠德,57.1,57.4,55.4,55.6,218190529,TWSE,2025-06-07 13:27:07
2025-05-19,2524,京城,52.9,52.9,51.5,51.7,21005245,TWSE,2025-06-07 13:27:07
2025-05-19,2527,宏璟,30.0,30.1,29.8,29.9,6063281,TWSE,2025-06-07 13:27:07
2025-05-19,2528,皇普,37.5,38.0,37.2,37.65,15827669,TWSE,2025-06-07 13:27:07
2025-05-19,2530,華建,34.05,34.05,33.6,33.95,11634133,TWSE,2025-06-07 13:27:07
2025-05-19,2534,宏盛,26.2,26.2,25.7,26.0,19897083,TWSE,2025-06-07 13:27:07
2025-05-19,2535,達欣工,58.5,60.4,58.5,60.0,43362776,TWSE,2025-06-07 13:27:07
2025-05-19,2536,宏普,29.95,30.25,29.75,29.85,2783650,TWSE,2025-06-07 13:27:07
2025-05-19,2537,聯上發,11.4,11.5,11.2,11.45,16163307,TWSE,2025-06-07 13:27:07
2025-05-19,2538,基泰,13.6,13.65,13.4,13.6,5064542,TWSE,2025-06-07 13:27:07
2025-05-19,2539,櫻花建,63.4,63.4,61.6,61.9,28321044,TWSE,2025-06-07 13:27:07
2025-05-19,2540,愛山林,77.5,79.4,76.9,77.5,106138694,TWSE,2025-06-07 13:27:07
2025-05-19,2542,興富發,41.95,42.35,41.65,41.95,120072333,TWSE,2025-06-07 13:27:07
2025-05-19,2543,皇昌,90.5,91.6,89.0,89.7,1216123862,TWSE,2025-06-07 13:27:07
2025-05-19,2545,皇翔,52.4,52.9,51.8,51.8,21256754,TWSE,2025-06-07 13:27:07
2025-05-19,2546,根基,80.3,80.8,80.0,80.2,4562677,TWSE,2025-06-07 13:27:07
2025-05-19,2547,日勝生,13.8,14.2,13.65,14.05,66551281,TWSE,2025-06-07 13:27:07
2025-05-19,2548,華固,107.5,113.5,107.5,111.0,493889677,TWSE,2025-06-07 13:27:07
2025-05-19,2597,潤弘,185.5,189.5,184.0,184.5,86958035,TWSE,2025-06-07 13:27:07
2025-05-19,2601,益航,7.1,7.1,6.84,6.85,21486545,TWSE,2025-06-07 13:27:07
2025-05-19,2603,長榮,260.0,263.0,254.0,254.5,9750647817,TWSE,2025-06-07 13:27:07
2025-05-19,2605,新興,25.8,26.0,24.65,24.7,288929015,TWSE,2025-06-07 13:27:07
2025-05-19,2606,裕民,62.3,64.5,60.6,61.5,2847721383,TWSE,2025-06-07 13:27:07
2025-05-19,2607,榮運,33.7,34.05,33.5,33.9,203586144,TWSE,2025-06-07 13:27:07
2025-05-19,2608,嘉里大榮,37.0,37.0,36.75,36.85,2912783,TWSE,2025-06-07 13:27:07
2025-05-19,2609,陽明,84.2,84.9,82.0,83.3,9649051142,TWSE,2025-06-07 13:27:07
2025-05-19,2610,華航,22.8,22.85,22.25,22.25,640791081,TWSE,2025-06-07 13:27:07
2025-05-19,2611,志信,21.4,21.4,20.75,20.85,9578155,TWSE,2025-06-07 13:27:07
2025-05-19,2612,中航,50.7,51.5,49.5,51.0,472323850,TWSE,2025-06-07 13:27:07
2025-05-19,2613,中櫃,34.25,34.25,32.45,32.65,265223185,TWSE,2025-06-07 13:27:07
2025-05-19,2614,東森,17.45,17.55,17.2,17.25,5983356,TWSE,2025-06-07 13:27:07
2025-05-19,2615,萬海,111.5,113.0,107.0,112.0,11919141701,TWSE,2025-06-07 13:27:07
2025-05-19,2616,山隆,15.4,15.45,15.05,15.1,2414682,TWSE,2025-06-07 13:27:07
2025-05-19,2617,台航,30.9,30.9,30.3,30.3,40120461,TWSE,2025-06-07 13:27:07
2025-05-19,2618,長榮航,43.35,43.35,42.35,42.35,1378681769,TWSE,2025-06-07 13:27:07
2025-05-19,2630,亞航,40.55,40.85,39.3,39.4,192408620,TWSE,2025-06-07 13:27:07
2025-05-19,2633,台灣高鐵,28.0,28.0,27.6,27.8,74846752,TWSE,2025-06-07 13:27:07
2025-05-19,2634,漢翔,47.3,47.5,46.7,46.75,220461656,TWSE,2025-06-07 13:27:07
2025-05-19,2636,台驊控股,85.2,85.3,81.5,81.8,117202795,TWSE,2025-06-07 13:27:07
2025-05-19,2637,慧洋-KY,68.4,69.0,65.2,66.4,1614667179,TWSE,2025-06-07 13:27:07
2025-05-19,2642,宅配通,27.9,27.95,27.75,27.8,734047,TWSE,2025-06-07 13:27:07
2025-05-19,2645,長榮航太,112.5,114.5,110.5,114.5,416477305,TWSE,2025-06-07 13:27:07
2025-05-19,2646,星宇航空,26.2,26.35,25.7,25.75,120363916,TWSE,2025-06-07 13:27:07
2025-05-19,2701,萬企,11.9,11.9,11.75,11.85,755102,TWSE,2025-06-07 13:27:07
2025-05-19,2702,華園,14.05,14.1,13.85,13.9,796324,TWSE,2025-06-07 13:27:07
2025-05-19,2704,國賓,50.0,53.6,49.4,51.3,32191764,TWSE,2025-06-07 13:27:07
2025-05-19,2705,六福,18.5,18.6,18.25,18.45,4031258,TWSE,2025-06-07 13:27:07
2025-05-19,2706,第一店,14.05,14.05,13.85,13.85,912418,TWSE,2025-06-07 13:27:07
2025-05-19,2707,晶華,198.5,198.5,196.0,196.5,30237370,TWSE,2025-06-07 13:27:07
2025-05-19,2712,遠雄來,20.5,20.5,20.0,20.0,282218,TWSE,2025-06-07 13:27:07
2025-05-19,2722,夏都,31.4,31.4,30.8,30.85,3947854,TWSE,2025-06-07 13:27:07
2025-05-19,2723,美食-KY,92.2,97.0,92.1,95.1,61640847,TWSE,2025-06-07 13:27:07
2025-05-19,2727,王品,230.0,230.5,227.0,227.5,54205051,TWSE,2025-06-07 13:27:07
2025-05-19,2731,雄獅,156.5,162.5,156.0,156.5,720397024,TWSE,2025-06-07 13:27:07
2025-05-19,2739,寒舍,43.5,43.5,42.55,42.55,5181338,TWSE,2025-06-07 13:27:07
2025-05-19,2748,雲品,52.8,52.8,51.9,52.3,7033466,TWSE,2025-06-07 13:27:07
2025-05-19,2753,八方雲集,188.5,197.0,188.5,196.5,217481845,TWSE,2025-06-07 13:27:07
2025-05-19,2762,世界健身-KY,81.0,81.6,80.2,80.3,3660296,TWSE,2025-06-07 13:27:07
2025-05-19,2801,彰銀,18.6,18.7,18.4,18.6,391820658,TWSE,2025-06-07 13:27:07
2025-05-19,2809,京城銀,49.85,50.0,49.7,49.9,83778247,TWSE,2025-06-07 13:27:07
2025-05-19,2812,台中銀,20.4,20.4,20.25,20.25,78329131,TWSE,2025-06-07 13:27:07
2025-05-19,2816,旺旺保,26.75,26.75,26.3,26.3,5251521,TWSE,2025-06-07 13:27:07
2025-05-19,2820,華票,15.45,15.45,15.3,15.35,12741693,TWSE,2025-06-07 13:27:07
2025-05-19,2832,台產,34.95,34.95,34.3,34.4,16816732,TWSE,2025-06-07 13:27:07
2025-05-19,2834,臺企銀,14.6,14.75,14.45,14.55,441972498,TWSE,2025-06-07 13:27:07
2025-05-19,2836,高雄銀,11.8,11.85,11.75,11.8,9809062,TWSE,2025-06-07 13:27:07
2025-05-19,2838,聯邦銀,17.25,17.25,17.05,17.05,30453045,TWSE,2025-06-07 13:27:07
2025-05-19,2845,遠東銀,13.0,13.1,12.9,12.95,58609466,TWSE,2025-06-07 13:27:07
2025-05-19,2849,安泰銀,13.75,13.9,13.7,13.75,346023,TWSE,2025-06-07 13:27:07
2025-05-19,2850,新產,108.5,108.5,107.0,108.0,31597653,TWSE,2025-06-07 13:27:07
2025-05-19,2851,中再保,25.95,26.0,25.75,25.8,32550680,TWSE,2025-06-07 13:27:07
2025-05-19,2852,第一保,28.2,28.2,27.65,27.7,29963416,TWSE,2025-06-07 13:27:07
2025-05-19,2855,統一證,23.15,23.15,22.65,22.7,64388447,TWSE,2025-06-07 13:27:07
2025-05-19,2867,三商壽,5.32,5.32,5.16,5.21,49850919,TWSE,2025-06-07 13:27:07
2025-05-19,2880,華南金,27.9,28.1,27.6,27.85,320725606,TWSE,2025-06-07 13:27:07
2025-05-19,2881,富邦金,81.1,81.2,79.8,79.8,2377547560,TWSE,2025-06-07 13:27:07
2025-05-19,2882,國泰金,61.5,62.3,60.4,60.5,3563387070,TWSE,2025-06-07 13:27:07
2025-05-19,2883,凱基金,17.0,17.2,16.95,17.05,1095504812,TWSE,2025-06-07 13:27:07
2025-05-19,2884,玉山金,30.1,30.2,29.95,30.1,770785360,TWSE,2025-06-07 13:27:07
2025-05-19,2885,元大金,33.1,33.3,32.7,32.7,1084186882,TWSE,2025-06-07 13:27:07
2025-05-19,2886,兆豐金,40.45,41.2,40.2,41.2,1130407106,TWSE,2025-06-07 13:27:07
2025-05-19,2887,台新金,16.95,17.1,16.75,16.8,923637900,TWSE,2025-06-07 13:27:07
2025-05-19,2888,新光金,11.8,11.9,11.65,11.75,617034807,TWSE,2025-06-07 13:27:07
2025-05-19,2889,國票金,12.25,12.3,12.2,12.25,25756321,TWSE,2025-06-07 13:27:07
2025-05-19,2890,永豐金,23.05,23.3,22.8,22.8,1169658237,TWSE,2025-06-07 13:27:07
2025-05-19,2891,中信金,41.95,42.0,41.1,41.5,3062109138,TWSE,2025-06-07 13:27:07
2025-05-19,2892,第一金,26.5,27.0,26.5,27.0,715433115,TWSE,2025-06-07 13:27:07
2025-05-19,2897,王道銀行,9.6,9.61,9.57,9.58,11245656,TWSE,2025-06-07 13:27:07
2025-05-19,2901,欣欣,25.55,25.95,25.4,25.95,247891,TWSE,2025-06-07 13:27:07
2025-05-19,2903,遠百,23.65,23.65,23.2,23.2,86915929,TWSE,2025-06-07 13:27:07
2025-05-19,2904,匯僑,18.25,18.35,18.2,18.2,482206,TWSE,2025-06-07 13:27:07
2025-05-19,2905,三商,13.15,13.15,12.7,12.75,14438435,TWSE,2025-06-07 13:27:07
2025-05-19,2906,高林,16.0,16.0,15.8,15.8,943355,TWSE,2025-06-07 13:27:07
2025-05-19,2908,特力,20.7,20.75,20.6,20.6,11096122,TWSE,2025-06-07 13:27:07
2025-05-19,2910,統領,21.7,21.7,21.65,21.65,173500,TWSE,2025-06-07 13:27:07
2025-05-19,2911,麗嬰房,4.84,5.12,4.72,5.0,1390579,TWSE,2025-06-07 13:27:07
2025-05-19,2912,統一超,260.5,261.5,259.0,260.5,188200323,TWSE,2025-06-07 13:27:07
2025-05-19,2913,農林,17.4,17.4,17.1,17.15,26397836,TWSE,2025-06-07 13:27:07
2025-05-19,2915,潤泰全,55.1,55.2,52.8,53.0,314369306,TWSE,2025-06-07 13:27:07
2025-05-19,2923,鼎固-KY,22.75,22.75,22.75,22.75,74319,TWSE,2025-06-07 13:27:07
2025-05-19,2929,淘帝-KY,11.1,11.1,10.75,10.8,3606593,TWSE,2025-06-07 13:27:07
2025-05-19,2939,永邑-KY,32.25,32.25,32.05,32.05,1640004,TWSE,2025-06-07 13:27:07
2025-05-19,2945,三商家購,39.3,39.3,38.95,39.2,170573,TWSE,2025-06-07 13:27:07
2025-05-19,3002,歐格,14.25,14.25,13.7,13.75,1296669,TWSE,2025-06-07 13:27:07
2025-05-19,3003,健和興,56.8,57.5,55.6,56.7,39567713,TWSE,2025-06-07 13:27:07
2025-05-19,3004,豐達科,125.0,133.0,124.5,133.0,847804521,TWSE,2025-06-07 13:27:07
2025-05-19,3005,神基,118.5,120.5,115.0,120.0,848750996,TWSE,2025-06-07 13:27:07
2025-05-19,3006,晶豪科,53.9,54.1,52.8,52.8,47901411,TWSE,2025-06-07 13:27:07
2025-05-19,3008,大立光,2275.0,2275.0,2205.0,2210.0,808614970,TWSE,2025-06-07 13:27:07
2025-05-19,3010,華立,99.7,99.7,98.0,98.1,27942389,TWSE,2025-06-07 13:27:07
2025-05-19,3011,今皓,14.05,14.05,13.6,13.65,2559061,TWSE,2025-06-07 13:27:07
2025-05-19,3013,晟銘電,106.0,109.0,104.5,105.0,851512554,TWSE,2025-06-07 13:27:07
2025-05-19,3014,聯陽,140.5,140.5,136.5,136.5,169765267,TWSE,2025-06-07 13:27:07
2025-05-19,3015,全漢,54.8,54.8,54.1,54.6,24813330,TWSE,2025-06-07 13:27:07
2025-05-19,3016,嘉晶,34.75,34.75,34.05,34.05,6815217,TWSE,2025-06-07 13:27:07
2025-05-19,3017,奇鋐,602.0,612.0,595.0,595.0,4652599593,TWSE,2025-06-07 13:27:07
2025-05-19,3018,隆銘綠能,21.35,21.35,21.0,21.05,232907,TWSE,2025-06-07 13:27:07
2025-05-19,3019,亞光,143.0,145.0,136.0,136.5,2743452138,TWSE,2025-06-07 13:27:07
2025-05-19,3021,鴻名,18.5,18.9,18.25,18.4,5456600,TWSE,2025-06-07 13:27:07
2025-05-19,3022,威強電,86.3,86.3,84.1,84.1,156130513,TWSE,2025-06-07 13:27:07
2025-05-19,3023,信邦,233.0,235.5,231.0,231.5,287113391,TWSE,2025-06-07 13:27:07
2025-05-19,3024,憶聲,15.5,15.7,15.4,15.45,10955344,TWSE,2025-06-07 13:27:07
2025-05-19,3025,星通,53.1,53.1,51.7,51.7,7825921,TWSE,2025-06-07 13:27:07
2025-05-19,3026,禾伸堂,85.8,86.3,84.8,85.3,21272273,TWSE,2025-06-07 13:27:07
2025-05-19,3027,盛達,40.5,40.95,37.9,37.9,201234877,TWSE,2025-06-07 13:27:07
2025-05-19,3028,增你強,34.5,34.7,34.15,34.3,23486521,TWSE,2025-06-07 13:27:07
2025-05-19,3029,零壹,125.0,125.0,121.5,122.0,261418349,TWSE,2025-06-07 13:27:07
2025-05-19,3030,德律,115.5,115.5,110.5,111.0,162777126,TWSE,2025-06-07 13:27:07
2025-05-19,3031,佰鴻,19.05,19.05,18.6,18.6,3912874,TWSE,2025-06-07 13:27:07
2025-05-19,3032,偉訓,72.0,72.0,70.0,70.1,164174797,TWSE,2025-06-07 13:27:07
2025-05-19,3033,威健,33.25,33.65,33.0,33.4,70127373,TWSE,2025-06-07 13:27:07
2025-05-19,3034,聯詠,522.0,526.0,515.0,515.0,924231585,TWSE,2025-06-07 13:27:07
2025-05-19,3035,智原,186.5,187.5,180.5,180.5,646128214,TWSE,2025-06-07 13:27:07
2025-05-19,3036,文曄,120.5,123.5,120.0,122.5,648696629,TWSE,2025-06-07 13:27:07
2025-05-19,3037,欣興,102.0,102.5,99.0,99.0,966633467,TWSE,2025-06-07 13:27:07
2025-05-19,3038,全台,23.6,23.6,23.05,23.1,3896979,TWSE,2025-06-07 13:27:07
2025-05-19,3040,遠見,45.75,45.8,45.2,45.2,4611662,TWSE,2025-06-07 13:27:07
2025-05-19,3041,揚智,27.8,27.85,26.7,26.9,22035133,TWSE,2025-06-07 13:27:07
2025-05-19,3042,晶技,95.8,95.9,95.0,95.7,83066623,TWSE,2025-06-07 13:27:07
2025-05-19,3043,科風,26.8,27.3,26.35,26.7,2742396,TWSE,2025-06-07 13:27:07
2025-05-19,3044,健鼎,200.0,202.5,198.0,198.0,175644637,TWSE,2025-06-07 13:27:07
2025-05-19,3045,台灣大,114.0,115.0,113.5,114.0,558712130,TWSE,2025-06-07 13:27:07
2025-05-19,3046,建碁,45.35,46.0,45.3,45.6,3662742,TWSE,2025-06-07 13:27:07
2025-05-19,3047,訊舟,22.05,22.05,21.2,21.35,41467613,TWSE,2025-06-07 13:27:07
2025-05-19,3048,益登,27.05,27.2,26.6,27.0,11263439,TWSE,2025-06-07 13:27:07
2025-05-19,3049,精金,6.95,6.98,6.85,6.9,5772449,TWSE,2025-06-07 13:27:07
2025-05-19,3050,鈺德,14.15,14.2,13.8,14.1,9382161,TWSE,2025-06-07 13:27:07
2025-05-19,3051,力特,30.15,30.95,30.0,30.6,19636079,TWSE,2025-06-07 13:27:07
2025-05-19,3052,夆典,13.1,13.2,12.75,12.85,16769100,TWSE,2025-06-07 13:27:07
2025-05-19,3054,立萬利,24.0,24.0,23.5,23.9,118800,TWSE,2025-06-07 13:27:07
2025-05-19,3055,蔚華科,54.1,54.1,51.6,51.7,13616781,TWSE,2025-06-07 13:27:07
2025-05-19,3056,富華新,37.55,37.9,37.4,37.5,106789027,TWSE,2025-06-07 13:27:07
2025-05-19,3057,喬鼎,11.2,11.8,11.1,11.65,25011358,TWSE,2025-06-07 13:27:07
2025-05-19,3058,立德,10.95,11.15,10.95,10.95,3554754,TWSE,2025-06-07 13:27:07
2025-05-19,3059,華晶科,41.45,42.0,40.2,40.45,386324679,TWSE,2025-06-07 13:27:07
2025-05-19,3060,銘異,24.85,24.85,24.2,24.2,19319908,TWSE,2025-06-07 13:27:07
2025-05-19,3062,建漢,23.85,23.85,23.3,23.6,71591407,TWSE,2025-06-07 13:27:07
2025-05-19,3090,日電貿,75.6,76.1,74.9,75.1,145113589,TWSE,2025-06-07 13:27:07
2025-05-19,3092,鴻碩,21.4,21.4,20.5,20.7,6098618,TWSE,2025-06-07 13:27:07
2025-05-19,3094,聯傑,25.25,25.25,24.2,24.9,2790433,TWSE,2025-06-07 13:27:07
2025-05-19,3130,一零四,238.0,238.0,233.0,233.5,11115902,TWSE,2025-06-07 13:27:07
2025-05-19,3138,耀登,91.5,91.5,88.1,89.6,11641162,TWSE,2025-06-07 13:27:07
2025-05-19,3149,正達,38.95,39.0,35.9,37.95,745897969,TWSE,2025-06-07 13:27:07
2025-05-19,3150,鈺寶-創,23.5,23.5,22.4,22.45,1154913,TWSE,2025-06-07 13:27:07
2025-05-19,3164,景岳,20.35,20.35,20.1,20.15,649699,TWSE,2025-06-07 13:27:07
2025-05-19,3167,大量,84.2,86.3,83.5,84.1,172451133,TWSE,2025-06-07 13:27:07
2025-05-19,3168,眾福科,49.0,49.4,49.0,49.4,2172375,TWSE,2025-06-07 13:27:07
2025-05-19,3189,景碩,83.0,83.1,81.1,81.1,142753036,TWSE,2025-06-07 13:27:07
2025-05-19,3209,全科,38.45,38.45,37.65,37.7,42827214,TWSE,2025-06-07 13:27:07
2025-05-19,3229,晟鈦,14.25,14.3,13.8,13.9,687640,TWSE,2025-06-07 13:27:07
2025-05-19,3231,緯創,111.0,112.5,109.0,109.0,3389117889,TWSE,2025-06-07 13:27:07
2025-05-19,3257,虹冠電,63.6,65.9,62.1,62.6,794066902,TWSE,2025-06-07 13:27:07
2025-05-19,3266,昇陽,15.4,15.7,15.4,15.55,1406611,TWSE,2025-06-07 13:27:07
2025-05-19,3296,勝德,20.85,20.95,20.5,20.55,1625529,TWSE,2025-06-07 13:27:07
2025-05-19,3305,昇貿,65.1,65.1,63.0,63.0,34854772,TWSE,2025-06-07 13:27:07
2025-05-19,3308,聯德,18.05,18.25,17.8,17.85,2781405,TWSE,2025-06-07 13:27:07
2025-05-19,3311,閎暉,38.8,38.8,38.0,38.6,3055478,TWSE,2025-06-07 13:27:07
2025-05-19,3312,弘憶股,56.1,56.3,52.6,52.7,309482136,TWSE,2025-06-07 13:27:07
2025-05-19,3321,同泰,6.35,6.58,6.21,6.58,393074,TWSE,2025-06-07 13:27:07
2025-05-19,3338,泰碩,53.5,53.9,52.7,53.2,8297385,TWSE,2025-06-07 13:27:07
2025-05-19,3346,麗清,27.65,27.65,27.1,27.15,4570171,TWSE,2025-06-07 13:27:07
2025-05-19,3356,奇偶,52.6,52.6,51.1,51.1,47749931,TWSE,2025-06-07 13:27:07
2025-05-19,3376,新日興,190.5,191.0,186.0,186.0,693509553,TWSE,2025-06-07 13:27:07
2025-05-19,3380,明泰,27.4,27.5,26.9,27.0,12334565,TWSE,2025-06-07 13:27:07
2025-05-19,3406,玉晶光,395.0,395.0,384.0,386.0,239348833,TWSE,2025-06-07 13:27:07
2025-05-19,3413,京鼎,299.5,299.5,294.0,294.0,299146790,TWSE,2025-06-07 13:27:07
2025-05-19,3416,融程電,134.5,135.0,132.0,134.0,15960596,TWSE,2025-06-07 13:27:07
2025-05-19,3419,譁裕,14.6,14.65,14.35,14.35,1410959,TWSE,2025-06-07 13:27:07
2025-05-19,3432,台端,16.25,16.25,15.5,15.65,251459,TWSE,2025-06-07 13:27:07
2025-05-19,3437,榮創,17.2,17.2,16.6,16.6,3008372,TWSE,2025-06-07 13:27:07
2025-05-19,3443,創意,1155.0,1165.0,1115.0,1120.0,848869560,TWSE,2025-06-07 13:27:07
2025-05-19,3447,展達,51.8,52.0,50.7,50.9,30199284,TWSE,2025-06-07 13:27:07
2025-05-19,3450,聯鈞,213.5,214.0,207.5,207.5,1697415736,TWSE,2025-06-07 13:27:07
2025-05-19,3454,晶睿,117.0,117.0,111.5,111.5,34074530,TWSE,2025-06-07 13:27:07
2025-05-19,3481,群創,14.1,14.15,13.9,13.9,1101478993,TWSE,2025-06-07 13:27:07
2025-05-19,3494,誠研,14.9,15.1,14.6,14.9,2817231,TWSE,2025-06-07 13:27:07
2025-05-19,3501,維熹,58.8,58.8,57.8,57.8,10730441,TWSE,2025-06-07 13:27:07
2025-05-19,3504,揚明光,48.8,48.8,47.1,47.3,11792099,TWSE,2025-06-07 13:27:07
2025-05-19,3515,華擎,214.0,217.0,210.5,214.0,174418885,TWSE,2025-06-07 13:27:07
2025-05-19,3518,柏騰,17.7,18.0,17.45,17.45,4306105,TWSE,2025-06-07 13:27:07
2025-05-19,3528,安馳,91.0,91.0,86.6,88.0,450063917,TWSE,2025-06-07 13:27:07
2025-05-19,3530,晶相光,65.9,66.8,62.0,62.7,13644757,TWSE,2025-06-07 13:27:07
2025-05-19,3532,台勝科,81.4,81.4,78.2,78.4,23688203,TWSE,2025-06-07 13:27:07
2025-05-19,3533,嘉澤,1315.0,1315.0,1280.0,1280.0,1111473425,TWSE,2025-06-07 13:27:07
2025-05-19,3535,晶彩科,34.0,34.0,33.0,33.25,17640898,TWSE,2025-06-07 13:27:07
2025-05-19,3543,州巧,20.25,20.4,19.75,20.0,1286684,TWSE,2025-06-07 13:27:07
2025-05-19,3545,敦泰,66.9,67.2,64.6,64.9,51522723,TWSE,2025-06-07 13:27:07
2025-05-19,3550,聯穎,14.2,14.2,13.6,13.8,8390067,TWSE,2025-06-07 13:27:07
2025-05-19,3557,嘉威,54.1,54.1,52.3,52.3,14112614,TWSE,2025-06-07 13:27:07
2025-05-19,3563,牧德,533.0,533.0,513.0,519.0,1003001022,TWSE,2025-06-07 13:27:07
2025-05-19,3576,聯合再生,8.58,8.8,8.45,8.72,65317392,TWSE,2025-06-07 13:27:07
2025-05-19,3583,辛耘,287.0,288.0,280.0,280.5,326749848,TWSE,2025-06-07 13:27:07
2025-05-19,3588,通嘉,50.2,50.2,49.2,49.2,5482327,TWSE,2025-06-07 13:27:07
2025-05-19,3591,艾笛森,20.2,20.65,20.05,20.1,8579283,TWSE,2025-06-07 13:27:07
2025-05-19,3592,瑞鼎,339.0,341.0,336.0,336.0,69640932,TWSE,2025-06-07 13:27:07
2025-05-19,3593,力銘,9.4,9.4,8.45,8.5,679933,TWSE,2025-06-07 13:27:07
2025-05-19,3596,智易,222.5,224.5,219.0,219.5,289236341,TWSE,2025-06-07 13:27:07
2025-05-19,3605,宏致,57.4,57.4,54.7,55.1,182237748,TWSE,2025-06-07 13:27:07
2025-05-19,3607,谷崧,14.8,14.9,14.6,14.6,2753745,TWSE,2025-06-07 13:27:07
2025-05-19,3617,碩天,274.0,277.5,268.5,269.5,161358444,TWSE,2025-06-07 13:27:07
2025-05-19,3622,洋華,55.2,55.2,54.1,54.1,10423710,TWSE,2025-06-07 13:27:07
2025-05-19,3645,達邁,60.2,62.6,58.2,58.4,1145894957,TWSE,2025-06-07 13:27:07
2025-05-19,3652,精聯,30.85,31.45,30.35,30.45,1504422,TWSE,2025-06-07 13:27:07
2025-05-19,3653,健策,1350.0,1365.0,1300.0,1300.0,2772212895,TWSE,2025-06-07 13:27:07
2025-05-19,3661,世芯-KY,2700.0,2700.0,2605.0,2605.0,5656899195,TWSE,2025-06-07 13:27:07
2025-05-19,3665,貿聯-KY,621.0,626.0,597.0,598.0,1925000931,TWSE,2025-06-07 13:27:07
2025-05-19,3669,圓展,34.85,37.05,34.85,35.05,7099498,TWSE,2025-06-07 13:27:07
2025-05-19,3673,TPK-KY,32.95,32.95,32.45,32.5,39938904,TWSE,2025-06-07 13:27:07
2025-05-19,3679,新至陞,139.5,140.5,137.5,137.5,10202340,TWSE,2025-06-07 13:27:07
2025-05-19,3686,達能,16.55,18.0,16.5,18.0,20621552,TWSE,2025-06-07 13:27:07
2025-05-19,3694,海華,49.7,50.8,49.0,49.1,66663662,TWSE,2025-06-07 13:27:07
2025-05-19,3701,大眾控,34.9,34.9,32.9,33.15,22382703,TWSE,2025-06-07 13:27:07
2025-05-19,3702,大聯大,67.6,68.8,67.4,67.7,234066215,TWSE,2025-06-07 13:27:07
2025-05-19,3703,欣陸,24.6,24.85,24.45,24.55,20943862,TWSE,2025-06-07 13:27:07
2025-05-19,3704,合勤控,31.35,31.35,29.7,29.9,196341541,TWSE,2025-06-07 13:27:07
2025-05-19,3705,永信,61.6,62.5,61.2,61.5,92667420,TWSE,2025-06-07 13:27:07
2025-05-19,3706,神達,61.2,62.0,59.5,59.5,2167378954,TWSE,2025-06-07 13:27:07
2025-05-19,3708,上緯投控,80.5,84.2,79.0,79.0,191903126,TWSE,2025-06-07 13:27:07
2025-05-19,3711,日月光投控,145.0,146.0,141.5,142.0,2114863282,TWSE,2025-06-07 13:27:07
2025-05-19,3712,永崴投控,51.1,52.8,50.5,51.6,237785416,TWSE,2025-06-07 13:27:07
2025-05-19,3714,富采,37.8,38.0,37.25,37.4,44910020,TWSE,2025-06-07 13:27:07
2025-05-19,3715,定穎投控,45.0,45.0,44.0,44.0,76820912,TWSE,2025-06-07 13:27:07
2025-05-19,3716,中化控股,37.6,38.1,37.6,37.85,8708646,TWSE,2025-06-07 13:27:07
2025-05-19,4104,佳醫,86.0,86.2,85.6,85.9,6844199,TWSE,2025-06-07 13:27:07
2025-05-19,4106,雃博,22.95,23.75,22.8,23.15,5796774,TWSE,2025-06-07 13:27:07
2025-05-19,4108,懷特,14.8,15.4,14.65,15.05,3216314,TWSE,2025-06-07 13:27:07
2025-05-19,4119,旭富,70.3,71.6,70.2,71.2,8432463,TWSE,2025-06-07 13:27:07
2025-05-19,4133,亞諾法,31.2,32.95,30.05,30.05,56840493,TWSE,2025-06-07 13:27:07
2025-05-19,4137,麗豐-KY,119.0,119.0,117.0,118.5,6022555,TWSE,2025-06-07 13:27:07
2025-05-19,4142,國光生,18.75,20.15,18.75,19.4,178453820,TWSE,2025-06-07 13:27:07
2025-05-19,4148,全宇生技-KY,47.7,47.7,46.75,46.75,9095050,TWSE,2025-06-07 13:27:07
2025-05-19,4155,訊映,17.95,17.95,17.7,17.7,1257310,TWSE,2025-06-07 13:27:07
2025-05-19,4164,承業醫,41.8,41.8,41.35,41.6,15842895,TWSE,2025-06-07 13:27:07
2025-05-19,4190,佐登-KY,36.65,37.0,36.6,36.6,375210,TWSE,2025-06-07 13:27:07
2025-05-19,4306,炎洲,16.45,16.5,16.35,16.35,8680245,TWSE,2025-06-07 13:27:07
2025-05-19,4414,如興,3.49,3.53,3.43,3.49,2199299,TWSE,2025-06-07 13:27:07
2025-05-19,4426,利勤,12.0,12.05,11.75,11.95,928537,TWSE,2025-06-07 13:27:07
2025-05-19,4438,廣越,86.8,88.9,84.5,84.5,7778947,TWSE,2025-06-07 13:27:07
2025-05-19,4439,冠星-KY,87.6,87.6,87.5,87.5,354395,TWSE,2025-06-07 13:27:07
2025-05-19,4440,宜新實業,18.3,18.3,18.05,18.05,369165,TWSE,2025-06-07 13:27:07
2025-05-19,4526,東台,28.0,28.2,27.0,27.0,101230967,TWSE,2025-06-07 13:27:07
2025-05-19,4532,瑞智,31.3,31.9,30.85,31.05,133424373,TWSE,2025-06-07 13:27:07
2025-05-19,4536,拓凱,195.0,199.0,194.5,195.0,61420425,TWSE,2025-06-07 13:27:07
2025-05-19,4540,全球傳動,43.7,44.8,43.0,43.0,212991339,TWSE,2025-06-07 13:27:07
2025-05-19,4545,銘鈺,38.2,38.25,37.5,37.8,9829868,TWSE,2025-06-07 13:27:07
2025-05-19,4551,智伸科,96.8,97.3,95.2,95.9,17454032,TWSE,2025-06-07 13:27:07
2025-05-19,4552,力達-KY,24.55,24.8,24.0,24.2,5152169,TWSE,2025-06-07 13:27:07
2025-05-19,4555,氣立,41.05,42.6,41.05,41.5,15635480,TWSE,2025-06-07 13:27:07
2025-05-19,4557,永新-KY,108.5,108.5,108.0,108.0,5242984,TWSE,2025-06-07 13:27:07
2025-05-19,4560,強信-KY,35.55,36.4,34.85,35.65,13221973,TWSE,2025-06-07 13:27:07
2025-05-19,4562,穎漢,58.8,63.2,57.7,57.9,1149149884,TWSE,2025-06-07 13:27:07
2025-05-19,4564,元翎,18.05,18.05,17.5,17.5,11161239,TWSE,2025-06-07 13:27:07
2025-05-19,4566,時碩工業,63.9,64.6,62.1,62.1,106574423,TWSE,2025-06-07 13:27:07
2025-05-19,4569,六方科-KY,145.0,145.0,140.5,143.5,15173419,TWSE,2025-06-07 13:27:07
2025-05-19,4571,鈞興-KY,167.5,169.0,160.0,160.0,336783416,TWSE,2025-06-07 13:27:07
2025-05-19,4572,駐龍,187.5,191.5,183.5,190.0,270360661,TWSE,2025-06-07 13:27:07
2025-05-19,4576,大銀微系統,139.0,142.0,135.0,136.5,1189781839,TWSE,2025-06-07 13:27:07
2025-05-19,4581,光隆精密-KY,55.7,57.0,55.7,57.0,571690,TWSE,2025-06-07 13:27:07
2025-05-19,4583,台灣精銳,750.0,760.0,717.0,717.0,1033516421,TWSE,2025-06-07 13:27:07
2025-05-19,4588,玖鼎電力,83.2,85.8,82.1,82.3,43952639,TWSE,2025-06-07 13:27:07
2025-05-19,4720,德淵,17.25,17.25,16.95,16.95,4487506,TWSE,2025-06-07 13:27:07
2025-05-19,4722,國精化,62.1,62.1,60.5,60.6,159467759,TWSE,2025-06-07 13:27:07
2025-05-19,4736,泰博,130.0,133.5,129.0,129.0,66718838,TWSE,2025-06-07 13:27:07
2025-05-19,4737,華廣,67.1,69.2,67.1,68.5,2484071,TWSE,2025-06-07 13:27:07
2025-05-19,4739,康普,49.25,50.8,48.65,50.2,14997435,TWSE,2025-06-07 13:27:07
2025-05-19,4746,台耀,67.5,69.5,66.8,67.6,41085794,TWSE,2025-06-07 13:27:07
2025-05-19,4755,三福化,112.5,112.5,111.0,111.0,4272283,TWSE,2025-06-07 13:27:07
2025-05-19,4763,材料-KY,892.0,895.0,866.0,867.0,1838643224,TWSE,2025-06-07 13:27:07
2025-05-19,4764,雙鍵,43.45,44.95,43.45,44.95,611450,TWSE,2025-06-07 13:27:07
2025-05-19,4766,南寶,352.5,352.5,342.5,343.5,145920125,TWSE,2025-06-07 13:27:07
2025-05-19,4770,上品,244.5,244.5,228.0,229.5,239256038,TWSE,2025-06-07 13:27:07
2025-05-19,4771,望隼,210.5,211.5,209.5,210.5,7642728,TWSE,2025-06-07 13:27:07
2025-05-19,4807,日成-KY,17.15,17.45,17.15,17.35,509843,TWSE,2025-06-07 13:27:07
2025-05-19,4904,遠傳,89.0,89.9,88.8,88.8,342696712,TWSE,2025-06-07 13:27:07
2025-05-19,4906,正文,27.5,27.5,27.0,27.0,31455189,TWSE,2025-06-07 13:27:07
2025-05-19,4912,聯德控股-KY,89.2,91.2,88.9,90.2,27282474,TWSE,2025-06-07 13:27:07
2025-05-19,4915,致伸,77.6,78.6,77.6,78.4,67657383,TWSE,2025-06-07 13:27:07
2025-05-19,4916,事欣科,45.05,45.25,43.55,43.55,255204510,TWSE,2025-06-07 13:27:07
2025-05-19,4919,新唐,74.0,74.0,71.2,71.2,52438696,TWSE,2025-06-07 13:27:07
2025-05-19,4927,泰鼎-KY,23.35,23.4,22.25,22.5,31780432,TWSE,2025-06-07 13:27:07
2025-05-19,4930,燦星網,23.9,23.9,23.7,23.75,1667989,TWSE,2025-06-07 13:27:07
2025-05-19,4934,太極,10.95,11.25,10.65,10.9,13997096,TWSE,2025-06-07 13:27:07
2025-05-19,4935,茂林-KY,46.3,46.3,44.4,44.4,4683638,TWSE,2025-06-07 13:27:07
2025-05-19,4938,和碩,88.2,89.0,86.1,86.1,595811678,TWSE,2025-06-07 13:27:07
2025-05-19,4942,嘉彰,39.05,39.4,38.75,39.0,1610599,TWSE,2025-06-07 13:27:07
2025-05-19,4943,康控-KY,11.6,11.6,11.6,11.6,72889,TWSE,2025-06-07 13:27:07
2025-05-19,4949,有成精密,46.8,50.7,46.35,50.7,788633047,TWSE,2025-06-07 13:27:07
2025-05-19,4952,凌通,43.6,43.75,43.0,43.0,5500621,TWSE,2025-06-07 13:27:07
2025-05-19,4956,光鋐,27.15,27.15,26.1,26.1,22039265,TWSE,2025-06-07 13:27:07
2025-05-19,4958,臻鼎-KY,102.0,103.5,101.0,101.0,332169228,TWSE,2025-06-07 13:27:07
2025-05-19,4960,誠美材,13.4,13.4,13.05,13.1,6126213,TWSE,2025-06-07 13:27:07
2025-05-19,4961,天鈺,217.0,217.5,213.5,214.0,184125050,TWSE,2025-06-07 13:27:07
2025-05-19,4967,十銓,77.4,77.4,74.6,75.3,90951192,TWSE,2025-06-07 13:27:07
2025-05-19,4968,立積,134.0,134.0,128.5,128.5,229431318,TWSE,2025-06-07 13:27:07
2025-05-19,4976,佳凌,29.0,29.0,28.2,28.2,6900419,TWSE,2025-06-07 13:27:07
2025-05-19,4977,眾達-KY,90.0,90.5,87.6,87.8,144448586,TWSE,2025-06-07 13:27:07
2025-05-19,4989,榮科,15.95,16.25,15.95,16.0,1005429,TWSE,2025-06-07 13:27:07
2025-05-19,4994,傳奇,91.3,92.1,91.2,91.2,1914154,TWSE,2025-06-07 13:27:07
2025-05-19,4999,鑫禾,26.0,26.0,25.8,25.8,1574501,TWSE,2025-06-07 13:27:07
2025-05-19,5007,三星,52.0,52.4,51.5,51.7,1824619,TWSE,2025-06-07 13:27:07
2025-05-19,5203,訊連,109.0,109.0,105.5,105.5,26783170,TWSE,2025-06-07 13:27:07
2025-05-19,5215,科嘉-KY,41.1,41.3,40.6,40.6,4057382,TWSE,2025-06-07 13:27:07
2025-05-19,5222,全訊,109.5,113.0,108.0,108.0,80654264,TWSE,2025-06-07 13:27:07
2025-05-19,5225,東科-KY,95.5,95.5,91.2,91.2,102897356,TWSE,2025-06-07 13:27:07
2025-05-19,5234,達興材料,184.5,187.5,181.0,181.5,180390756,TWSE,2025-06-07 13:27:07
2025-05-19,5243,乙盛-KY,48.5,48.75,47.85,48.05,20143008,TWSE,2025-06-07 13:27:07
2025-05-19,5244,弘凱,45.0,45.0,44.1,44.1,42255692,TWSE,2025-06-07 13:27:07
2025-05-19,5258,虹堡,67.6,67.7,65.4,65.7,37162538,TWSE,2025-06-07 13:27:07
2025-05-19,5269,祥碩,1980.0,1980.0,1880.0,1880.0,1264483015,TWSE,2025-06-07 13:27:07
2025-05-19,5283,禾聯碩,86.6,87.1,86.5,86.6,3336429,TWSE,2025-06-07 13:27:07
2025-05-19,5284,jpp-KY,157.0,163.5,155.0,156.0,423184787,TWSE,2025-06-07 13:27:07
2025-05-19,5285,界霖,45.7,46.2,45.35,45.85,1383169,TWSE,2025-06-07 13:27:07
2025-05-19,5288,豐祥-KY,151.5,152.5,148.0,149.0,29059864,TWSE,2025-06-07 13:27:07
2025-05-19,5292,華懋,149.0,149.0,148.0,148.0,2953615,TWSE,2025-06-07 13:27:07
2025-05-19,5306,桂盟,104.5,105.0,102.5,103.0,18088428,TWSE,2025-06-07 13:27:07
2025-05-19,5388,中磊,102.5,103.5,98.0,98.0,372006841,TWSE,2025-06-07 13:27:07
2025-05-19,5434,崇越,258.0,258.0,252.0,252.5,111238976,TWSE,2025-06-07 13:27:07
2025-05-19,5469,瀚宇博,58.1,58.1,56.7,57.2,145258391,TWSE,2025-06-07 13:27:07
2025-05-19,5471,松翰,35.85,36.0,35.5,35.7,3259353,TWSE,2025-06-07 13:27:07
2025-05-19,5484,慧友,42.4,44.45,41.95,41.95,17812706,TWSE,2025-06-07 13:27:07
2025-05-19,5515,建國,28.05,28.4,28.05,28.2,12452440,TWSE,2025-06-07 13:27:07
2025-05-19,5519,隆大,35.5,36.0,35.4,35.6,9306373,TWSE,2025-06-07 13:27:07
2025-05-19,5521,工信,12.9,13.25,12.85,13.05,80629691,TWSE,2025-06-07 13:27:07
2025-05-19,5522,遠雄,61.6,63.9,61.2,63.4,111987599,TWSE,2025-06-07 13:27:07
2025-05-19,5525,順天,32.65,32.75,32.65,32.7,1177100,TWSE,2025-06-07 13:27:07
2025-05-19,5531,鄉林,10.45,10.5,10.15,10.4,15495704,TWSE,2025-06-07 13:27:07
2025-05-19,5533,皇鼎,18.2,18.35,18.0,18.25,1783584,TWSE,2025-06-07 13:27:07
2025-05-19,5534,長虹,96.6,96.6,91.8,92.6,285694094,TWSE,2025-06-07 13:27:07
2025-05-19,5538,東明-KY,31.5,31.5,30.85,30.85,403181,TWSE,2025-06-07 13:27:07
2025-05-19,5546,永固-KY,29.95,29.95,29.95,29.95,59900,TWSE,2025-06-07 13:27:07
2025-05-19,5607,遠雄港,38.45,38.45,37.2,37.4,15671093,TWSE,2025-06-07 13:27:07
2025-05-19,5608,四維航,18.7,18.75,17.85,17.85,108932622,TWSE,2025-06-07 13:27:07
2025-05-19,5706,鳳凰,64.0,64.0,62.1,62.6,35747864,TWSE,2025-06-07 13:27:07
2025-05-19,5871,中租-KY,125.0,126.5,124.0,125.5,837212888,TWSE,2025-06-07 13:27:07
2025-05-19,5876,上海商銀,46.45,47.45,46.3,47.35,347083696,TWSE,2025-06-07 13:27:07
2025-05-19,5880,合庫金,25.0,25.0,24.75,24.95,180982266,TWSE,2025-06-07 13:27:07
2025-05-19,5906,台南-KY,50.4,50.4,50.4,50.4,58448,TWSE,2025-06-07 13:27:07
2025-05-19,5907,大洋-KY,7.83,7.86,7.11,7.23,6844723,TWSE,2025-06-07 13:27:07
2025-05-19,6005,群益證,26.4,26.45,25.9,25.9,55572805,TWSE,2025-06-07 13:27:07
2025-05-19,6024,群益期,51.0,51.0,50.2,50.3,12436496,TWSE,2025-06-07 13:27:07
2025-05-19,6108,競國,14.85,14.85,14.4,14.45,2896132,TWSE,2025-06-07 13:27:07
2025-05-19,6112,邁達特,50.5,50.5,49.2,49.5,52214329,TWSE,2025-06-07 13:27:07
2025-05-19,6115,鎰勝,51.7,51.7,51.3,51.3,4144613,TWSE,2025-06-07 13:27:07
2025-05-19,6116,彩晶,7.61,7.62,7.51,7.57,12539303,TWSE,2025-06-07 13:27:07
2025-05-19,6117,迎廣,90.7,96.1,90.7,91.2,639714469,TWSE,2025-06-07 13:27:07
2025-05-19,6120,達運,11.65,11.8,11.55,11.6,5717644,TWSE,2025-06-07 13:27:07
2025-05-19,6128,上福,31.85,31.85,31.7,31.7,2022729,TWSE,2025-06-07 13:27:07
2025-05-19,6133,金橋,15.5,15.5,15.15,15.25,3886785,TWSE,2025-06-07 13:27:07
2025-05-19,6136,富爾特,23.9,24.1,23.85,24.05,4136622,TWSE,2025-06-07 13:27:07
2025-05-19,6139,亞翔,254.0,255.5,240.0,240.0,1088763080,TWSE,2025-06-07 13:27:07
2025-05-19,6141,柏承,10.25,11.1,10.2,10.6,7919711,TWSE,2025-06-07 13:27:07
2025-05-19,6142,友勁,9.19,9.19,9.01,9.05,2318656,TWSE,2025-06-07 13:27:07
2025-05-19,6152,百一,9.85,9.85,9.26,9.28,5235213,TWSE,2025-06-07 13:27:07
2025-05-19,6153,嘉聯益,12.2,12.6,12.15,12.5,21704755,TWSE,2025-06-07 13:27:07
2025-05-19,6155,鈞寶,23.65,23.65,23.1,23.1,2057192,TWSE,2025-06-07 13:27:07
2025-05-19,6164,華興,12.05,12.05,11.75,12.0,1837619,TWSE,2025-06-07 13:27:07
2025-05-19,6165,浪凡,59.1,59.5,56.5,59.5,108013580,TWSE,2025-06-07 13:27:07
2025-05-19,6166,凌華,75.4,77.4,73.7,75.3,115838439,TWSE,2025-06-07 13:27:07
2025-05-19,6168,宏齊,16.85,16.9,16.45,16.6,3797598,TWSE,2025-06-07 13:27:07
2025-05-19,6176,瑞儀,152.5,153.0,150.0,150.0,376839290,TWSE,2025-06-07 13:27:07
2025-05-19,6177,達麗,48.45,51.9,48.45,49.85,309720744,TWSE,2025-06-07 13:27:07
2025-05-19,6183,關貿,93.2,94.0,93.2,93.3,1459671,TWSE,2025-06-07 13:27:07
2025-05-19,6184,大豐電,54.4,54.6,53.6,53.8,2295437,TWSE,2025-06-07 13:27:07
2025-05-19,6189,豐藝,74.2,74.8,73.7,74.8,34237439,TWSE,2025-06-07 13:27:07
2025-05-19,6191,精成科,73.0,74.2,71.2,71.4,629803322,TWSE,2025-06-07 13:27:07
2025-05-19,6192,巨路,102.5,103.0,102.0,102.0,13932232,TWSE,2025-06-07 13:27:07
2025-05-19,6196,帆宣,170.0,173.0,168.0,169.5,415654164,TWSE,2025-06-07 13:27:07
2025-05-19,6197,佳必琪,139.0,139.5,136.5,136.5,73164621,TWSE,2025-06-07 13:27:07
2025-05-19,6201,亞弘電,59.4,60.0,59.2,59.7,2432866,TWSE,2025-06-07 13:27:07
2025-05-19,6202,盛群,44.35,44.95,44.1,44.1,18118486,TWSE,2025-06-07 13:27:07
2025-05-19,6205,詮欣,51.2,52.4,51.2,52.2,7917920,TWSE,2025-06-07 13:27:07
2025-05-19,6206,飛捷,114.5,116.5,113.0,114.0,287452493,TWSE,2025-06-07 13:27:07
2025-05-19,6209,今國光,26.4,26.6,25.85,25.95,11594884,TWSE,2025-06-07 13:27:07
2025-05-19,6213,聯茂,74.0,75.6,74.0,74.6,232911239,TWSE,2025-06-07 13:27:07
2025-05-19,6214,精誠,120.5,121.0,117.0,117.0,102147714,TWSE,2025-06-07 13:27:07
2025-05-19,6215,和椿,114.5,118.0,107.5,108.0,3804514308,TWSE,2025-06-07 13:27:07
2025-05-19,6216,居易,33.5,33.5,33.05,33.1,5339987,TWSE,2025-06-07 13:27:07
2025-05-19,6224,聚鼎,48.65,48.65,47.35,47.5,7213055,TWSE,2025-06-07 13:27:07
2025-05-19,6225,天瀚,12.6,12.6,11.7,11.7,133550,TWSE,2025-06-07 13:27:07
2025-05-19,6226,光鼎,7.55,7.55,7.23,7.45,2644132,TWSE,2025-06-07 13:27:07
2025-05-19,6230,尼得科超眾,157.0,157.0,140.0,140.0,95270829,TWSE,2025-06-07 13:27:07
2025-05-19,6235,華孚,53.5,53.6,52.6,52.6,20512678,TWSE,2025-06-07 13:27:07
2025-05-19,6239,力成,118.0,119.5,116.0,116.0,615010535,TWSE,2025-06-07 13:27:07
2025-05-19,6243,迅杰,40.6,40.6,38.9,38.9,8189644,TWSE,2025-06-07 13:27:07
2025-05-19,6257,矽格,75.0,75.5,74.1,74.9,147892910,TWSE,2025-06-07 13:27:07
2025-05-19,6269,台郡,60.5,60.5,58.1,58.1,54060644,TWSE,2025-06-07 13:27:07
2025-05-19,6271,同欣電,111.5,111.5,108.5,109.0,55960630,TWSE,2025-06-07 13:27:07
2025-05-19,6277,宏正,69.1,69.1,68.0,68.1,2487022,TWSE,2025-06-07 13:27:07
2025-05-19,6278,台表科,107.5,107.5,106.0,106.0,83674877,TWSE,2025-06-07 13:27:07
2025-05-19,6281,全國電,72.9,73.5,72.5,72.7,3540571,TWSE,2025-06-07 13:27:07
2025-05-19,6282,康舒,27.35,27.95,27.15,27.75,59044112,TWSE,2025-06-07 13:27:07
2025-05-19,6283,淳安,23.25,23.25,22.6,22.65,5015717,TWSE,2025-06-07 13:27:07
2025-05-19,6285,啟碁,128.0,129.5,122.5,123.0,599181762,TWSE,2025-06-07 13:27:07
2025-05-19,6288,聯嘉,21.35,21.35,20.9,21.0,8288548,TWSE,2025-06-07 13:27:07
2025-05-19,6405,悅城,28.7,28.7,27.65,28.05,15925182,TWSE,2025-06-07 13:27:07
2025-05-19,6409,旭隼,1515.0,1515.0,1475.0,1475.0,224578255,TWSE,2025-06-07 13:27:07
2025-05-19,6412,群電,116.5,126.5,115.5,124.0,993030579,TWSE,2025-06-07 13:27:07
2025-05-19,6414,樺漢,298.5,300.0,292.0,293.5,159449016,TWSE,2025-06-07 13:27:07
2025-05-19,6415,矽力*-KY,388.0,388.5,381.0,382.0,416269252,TWSE,2025-06-07 13:27:07
2025-05-19,6416,瑞祺電通,90.4,90.7,89.3,89.5,14598670,TWSE,2025-06-07 13:27:07
2025-05-19,6423,億而得-創,92.0,94.9,91.5,94.9,3413696,TWSE,2025-06-07 13:27:07
2025-05-19,6426,統新,77.0,77.5,76.5,76.7,30357103,TWSE,2025-06-07 13:27:07
2025-05-19,6431,光麗-KY,18.8,18.95,18.1,18.45,1218826,TWSE,2025-06-07 13:27:07
2025-05-19,6438,迅得,173.0,174.5,169.0,170.0,438957953,TWSE,2025-06-07 13:27:07
2025-05-19,6442,光聖,459.0,459.0,439.0,443.5,230490448,TWSE,2025-06-07 13:27:07
2025-05-19,6443,元晶,15.85,16.7,15.8,16.25,388682688,TWSE,2025-06-07 13:27:07
2025-05-19,6446,藥華藥,501.0,521.0,500.0,503.0,1203130666,TWSE,2025-06-07 13:27:07
2025-05-19,6449,鈺邦,106.5,106.5,103.5,103.5,14354064,TWSE,2025-06-07 13:27:07
2025-05-19,6451,訊芯-KY,141.5,142.0,135.0,135.0,112527230,TWSE,2025-06-07 13:27:07
2025-05-19,6456,GIS-KY,49.3,50.0,49.05,49.85,24233420,TWSE,2025-06-07 13:27:07
2025-05-19,6464,台數科,81.2,81.2,79.9,80.1,838993,TWSE,2025-06-07 13:27:07
2025-05-19,6472,保瑞,715.0,746.0,711.0,718.0,1328503628,TWSE,2025-06-07 13:27:07
2025-05-19,6477,安集,32.9,33.8,32.4,32.8,103984366,TWSE,2025-06-07 13:27:07
2025-05-19,6491,晶碩,350.5,351.5,349.5,349.5,17170473,TWSE,2025-06-07 13:27:07
2025-05-19,6504,南六,58.9,61.8,58.9,60.7,17730114,TWSE,2025-06-07 13:27:07
2025-05-19,6505,台塑化,38.85,39.1,37.8,38.25,295767183,TWSE,2025-06-07 13:27:07
2025-05-19,6515,穎崴,964.0,968.0,928.0,930.0,1251917250,TWSE,2025-06-07 13:27:07
2025-05-19,6525,捷敏-KY,71.6,72.2,71.2,71.4,22122294,TWSE,2025-06-07 13:27:07
2025-05-19,6526,達發,538.0,538.0,521.0,524.0,162891039,TWSE,2025-06-07 13:27:07
2025-05-19,6531,愛普*,255.0,255.0,247.0,247.0,143006855,TWSE,2025-06-07 13:27:07
2025-05-19,6533,晶心科,289.5,289.5,276.5,276.5,159461674,TWSE,2025-06-07 13:27:07
2025-05-19,6534,正瀚-創,77.7,77.7,76.7,76.7,1858700,TWSE,2025-06-07 13:27:07
2025-05-19,6541,泰福-KY,54.5,57.0,53.6,55.2,15395685,TWSE,2025-06-07 13:27:07
2025-05-19,6550,北極星藥業-KY,43.0,44.3,42.6,43.05,26611931,TWSE,2025-06-07 13:27:07
2025-05-19,6552,易華電,27.1,27.2,26.5,26.5,1263344,TWSE,2025-06-07 13:27:07
2025-05-19,6558,興能高,52.4,53.0,50.3,50.3,270076381,TWSE,2025-06-07 13:27:07
2025-05-19,6573,虹揚-KY,11.6,11.7,11.55,11.7,151724,TWSE,2025-06-07 13:27:07
2025-05-19,6579,研揚,127.5,130.5,127.5,129.0,10238809,TWSE,2025-06-07 13:27:07
2025-05-19,6581,鋼聯,106.5,107.0,106.0,106.0,2242628,TWSE,2025-06-07 13:27:07
2025-05-19,6582,申豐,41.0,41.75,41.0,41.1,1988363,TWSE,2025-06-07 13:27:07
2025-05-19,6585,鼎基,131.5,131.5,126.5,127.0,20481002,TWSE,2025-06-07 13:27:07
2025-05-19,6591,動力-KY,74.2,75.7,72.0,73.0,726815936,TWSE,2025-06-07 13:27:07
2025-05-19,6592,和潤企業,71.3,71.3,69.8,70.0,12537676,TWSE,2025-06-07 13:27:07
2025-05-19,6598,ABC-KY,20.7,21.95,20.6,21.15,9531833,TWSE,2025-06-07 13:27:07
2025-05-19,6605,帝寶,190.5,190.5,184.0,184.0,120187779,TWSE,2025-06-07 13:27:07
2025-05-19,6606,建德工業,25.95,26.1,25.9,25.9,851998,TWSE,2025-06-07 13:27:07
2025-05-19,6625,必應,88.3,88.6,85.8,86.7,35028531,TWSE,2025-06-07 13:27:07
2025-05-19,6641,基士德-KY,23.7,23.75,23.0,23.75,303496,TWSE,2025-06-07 13:27:07
2025-05-19,6645,金萬林-創,19.9,20.75,19.9,19.95,1371656,TWSE,2025-06-07 13:27:07
2025-05-19,6657,華安,74.8,74.8,72.0,73.0,52333530,TWSE,2025-06-07 13:27:07
2025-05-19,6658,聯策,83.0,84.4,79.3,81.6,241541697,TWSE,2025-06-07 13:27:07
2025-05-19,6666,羅麗芬-KY,42.9,42.9,41.7,41.7,521715,TWSE,2025-06-07 13:27:07
2025-05-19,6668,中揚光,37.5,37.7,36.95,37.3,15810991,TWSE,2025-06-07 13:27:07
2025-05-19,6669,緯穎,2350.0,2350.0,2260.0,2260.0,5625976455,TWSE,2025-06-07 13:27:07
2025-05-19,6670,復盛應用,350.0,383.5,350.0,367.0,1124674159,TWSE,2025-06-07 13:27:07
2025-05-19,6671,三能-KY,41.35,41.35,40.5,40.5,499751,TWSE,2025-06-07 13:27:07
2025-05-19,6672,騰輝電子-KY,71.9,72.1,70.0,70.0,19704747,TWSE,2025-06-07 13:27:07
2025-05-19,6674,鋐寶科技,21.95,22.2,21.35,21.55,389550,TWSE,2025-06-07 13:27:07
2025-05-19,6689,伊雲谷,88.3,88.7,87.5,87.8,8755940,TWSE,2025-06-07 13:27:07
2025-05-19,6691,洋基工程,447.0,456.0,437.0,437.5,295730515,TWSE,2025-06-07 13:27:07
2025-05-19,6695,芯鼎,46.0,46.1,44.2,44.6,48767755,TWSE,2025-06-07 13:27:07
2025-05-19,6698,旭暉應材,28.7,28.8,28.35,28.4,1774263,TWSE,2025-06-07 13:27:07
2025-05-19,6706,惠特,72.4,73.8,70.6,71.8,60960665,TWSE,2025-06-07 13:27:07
2025-05-19,6715,嘉基,125.5,126.0,123.0,125.0,6833814,TWSE,2025-06-07 13:27:07
2025-05-19,6719,力智,198.0,204.0,198.0,199.5,61379282,TWSE,2025-06-07 13:27:07
2025-05-19,6742,澤米,55.8,57.6,54.9,54.9,37194445,TWSE,2025-06-07 13:27:07
2025-05-19,6743,安普新,31.2,31.3,30.7,30.7,3340286,TWSE,2025-06-07 13:27:07
2025-05-19,6753,龍德造船,108.0,108.0,104.5,104.5,53894290,TWSE,2025-06-07 13:27:07
2025-05-19,6754,匯僑設計,61.5,61.9,61.2,61.4,1159995,TWSE,2025-06-07 13:27:07
2025-05-19,6756,威鋒電子,103.0,106.5,100.5,100.5,11692220,TWSE,2025-06-07 13:27:07
2025-05-19,6757,台灣虎航,95.2,97.3,94.7,94.8,705245443,TWSE,2025-06-07 13:27:07
2025-05-19,6768,志強-KY,112.0,113.5,109.5,111.0,91168216,TWSE,2025-06-07 13:27:07
2025-05-19,6770,力積電,15.25,15.65,15.1,15.3,158158116,TWSE,2025-06-07 13:27:07
2025-05-19,6771,平和環保-創,60.6,63.1,60.5,60.7,16353395,TWSE,2025-06-07 13:27:07
2025-05-19,6776,展碁國際,55.4,55.6,55.3,55.5,4583132,TWSE,2025-06-07 13:27:07
2025-05-19,6781,AES-KY,953.0,980.0,935.0,940.0,2154819279,TWSE,2025-06-07 13:27:07
2025-05-19,6782,視陽,181.0,188.0,181.0,186.0,118971307,TWSE,2025-06-07 13:27:07
2025-05-19,6789,采鈺,223.5,225.0,218.5,219.0,228190273,TWSE,2025-06-07 13:27:07
2025-05-19,6790,永豐實,42.7,43.0,42.15,42.15,10262910,TWSE,2025-06-07 13:27:07
2025-05-19,6792,詠業,61.6,62.4,58.5,59.4,9283858,TWSE,2025-06-07 13:27:07
2025-05-19,6794,向榮生技-創,64.4,64.4,63.3,63.8,319300,TWSE,2025-06-07 13:27:07
2025-05-19,6796,晉弘,78.8,79.4,77.6,77.6,945524,TWSE,2025-06-07 13:27:07
2025-05-19,6799,來頡,120.0,120.0,115.0,115.0,166961906,TWSE,2025-06-07 13:27:07
2025-05-19,6805,富世達,577.0,577.0,556.0,557.0,1317837128,TWSE,2025-06-07 13:27:07
2025-05-19,6806,森崴能源,91.7,98.2,90.7,94.3,1079683297,TWSE,2025-06-07 13:27:07
2025-05-19,6807,峰源-KY,75.3,79.9,75.3,78.7,9015157,TWSE,2025-06-07 13:27:07
2025-05-19,6830,汎銓,129.0,130.0,124.5,125.0,26839168,TWSE,2025-06-07 13:27:07
2025-05-19,6834,天二科技,36.2,36.2,34.6,34.85,24861393,TWSE,2025-06-07 13:27:07
2025-05-19,6835,圓裕,42.15,42.15,40.1,40.35,28683828,TWSE,2025-06-07 13:27:07
2025-05-19,6838,台新藥,24.65,25.75,24.65,25.2,9648409,TWSE,2025-06-07 13:27:07
2025-05-19,6854,錼創科技-KY創,149.5,153.5,147.0,152.0,65788446,TWSE,2025-06-07 13:27:07
2025-05-19,6861,睿生光電,56.0,57.0,55.6,56.0,4985955,TWSE,2025-06-07 13:27:07
2025-05-19,6862,三集瑞-KY,148.5,148.5,143.5,143.5,15703547,TWSE,2025-06-07 13:27:07
2025-05-19,6863,永道-KY,181.5,181.5,172.5,172.5,41407227,TWSE,2025-06-07 13:27:07
2025-05-19,6869,雲豹能源,165.0,177.0,163.5,177.0,2216565137,TWSE,2025-06-07 13:27:07
2025-05-19,6873,泓德能源,231.5,235.5,227.0,228.5,547568805,TWSE,2025-06-07 13:27:07
2025-05-19,6885,全福生技,22.7,24.3,22.65,23.55,5788674,TWSE,2025-06-07 13:27:07
2025-05-19,6887,寶綠特-KY,87.0,87.4,86.2,87.3,2260934,TWSE,2025-06-07 13:27:07
2025-05-19,6890,來億-KY,320.0,321.5,306.0,306.0,372148057,TWSE,2025-06-07 13:27:07
2025-05-19,6901,鑽石投資,22.6,23.3,22.45,22.8,12565173,TWSE,2025-06-07 13:27:07
2025-05-19,6902,GOGOLOOK,84.3,84.3,84.3,84.3,7529284,TWSE,2025-06-07 13:27:07
2025-05-19,6906,現觀科,139.0,139.0,134.5,135.5,18524190,TWSE,2025-06-07 13:27:07
2025-05-19,6914,阜爾運通,136.5,140.0,136.5,138.0,5689115,TWSE,2025-06-07 13:27:07
2025-05-19,6916,華凌,24.8,24.8,23.5,24.15,11848632,TWSE,2025-06-07 13:27:07
2025-05-19,6919,康霈*,829.0,834.0,804.0,807.0,825237418,TWSE,2025-06-07 13:27:07
2025-05-19,6923,中台,74.3,74.9,73.8,74.9,1162764,TWSE,2025-06-07 13:27:07
2025-05-19,6928,攸泰科技,49.9,50.1,49.2,49.3,3213479,TWSE,2025-06-07 13:27:07
2025-05-19,6931,青松健康,57.6,57.8,56.6,57.8,4071408,TWSE,2025-06-07 13:27:07
2025-05-19,6933,AMAX-KY,160.0,161.5,150.5,150.5,22081292,TWSE,2025-06-07 13:27:07
2025-05-19,6936,永鴻生技,39.75,40.45,39.6,39.65,10858258,TWSE,2025-06-07 13:27:07
2025-05-19,6937,天虹,203.0,203.0,192.5,192.5,56822052,TWSE,2025-06-07 13:27:07
2025-05-19,6949,沛爾生醫-創,127.0,128.5,126.0,128.0,1655900,TWSE,2025-06-07 13:27:07
2025-05-19,6951,青新-創,69.6,69.6,69.3,69.3,2227132,TWSE,2025-06-07 13:27:07
2025-05-19,6952,大武山,49.1,49.15,48.2,49.05,859430,TWSE,2025-06-07 13:27:07
2025-05-19,6955,邦睿生技-創,160.0,160.0,160.0,160.0,493120,TWSE,2025-06-07 13:27:07
2025-05-19,6957,裕慶-KY,177.5,182.0,175.5,181.0,28770898,TWSE,2025-06-07 13:27:07
2025-05-19,6958,日盛台駿,21.1,21.15,20.95,21.1,848069,TWSE,2025-06-07 13:27:07
2025-05-19,6962,奕力-KY,56.0,56.0,54.3,54.4,401896750,TWSE,2025-06-07 13:27:07
2025-05-19,6965,中傑-KY,108.0,108.0,103.5,104.5,31203365,TWSE,2025-06-07 13:27:07
2025-05-19,6969,成信實業*-創,28.8,29.45,28.0,29.2,1014500,TWSE,2025-06-07 13:27:07
2025-05-19,6988,威力暘-創,19.8,19.8,19.8,19.8,99000,TWSE,2025-06-07 13:27:07
2025-05-19,6994,富威電力,120.0,130.5,116.5,130.5,125042403,TWSE,2025-06-07 13:27:07
2025-05-19,7631,聚賢研發-創,98.0,98.0,97.9,97.9,489800,TWSE,2025-06-07 13:27:07
2025-05-19,7705,三商餐飲,55.6,55.6,54.9,54.9,5676868,TWSE,2025-06-07 13:27:07
2025-05-19,7722,LINEPAY,630.0,635.0,617.0,617.0,63230764,TWSE,2025-06-07 13:27:07
2025-05-19,7732,金興精密,41.65,41.65,41.2,41.35,1693450,TWSE,2025-06-07 13:27:07
2025-05-19,7736,虎山,107.0,107.5,104.0,106.5,48720455,TWSE,2025-06-07 13:27:07
2025-05-19,8011,台通,22.5,22.75,22.2,22.3,15405362,TWSE,2025-06-07 13:27:07
2025-05-19,8016,矽創,214.5,217.5,214.0,214.5,229505778,TWSE,2025-06-07 13:27:07
2025-05-19,8021,尖點,29.15,29.15,28.1,28.2,9478309,TWSE,2025-06-07 13:27:07
2025-05-19,8028,昇陽半導體,137.5,139.0,135.5,137.0,549002674,TWSE,2025-06-07 13:27:07
2025-05-19,8033,雷虎,64.2,64.6,62.4,62.7,135320315,TWSE,2025-06-07 13:27:07
2025-05-19,8039,台虹,48.3,48.8,47.15,48.2,106806903,TWSE,2025-06-07 13:27:07
2025-05-19,8045,達運光電,91.0,92.5,87.2,88.2,51706099,TWSE,2025-06-07 13:27:07
2025-05-19,8046,南電,103.5,105.5,101.5,102.0,133571107,TWSE,2025-06-07 13:27:07
2025-05-19,8070,長華*,47.4,47.95,47.0,47.0,179041878,TWSE,2025-06-07 13:27:07
2025-05-19,8072,陞泰,43.65,44.85,42.2,43.8,188422272,TWSE,2025-06-07 13:27:07
2025-05-19,8081,致新,225.5,226.5,222.0,222.0,92760809,TWSE,2025-06-07 13:27:07
2025-05-19,8101,華冠,14.4,14.4,14.4,14.4,27156,TWSE,2025-06-07 13:27:07
2025-05-19,8103,瀚荃,47.3,47.9,47.3,47.3,26255623,TWSE,2025-06-07 13:27:07
2025-05-19,8104,錸寶,37.5,39.6,36.9,37.55,101635503,TWSE,2025-06-07 13:27:07
2025-05-19,8105,凌巨,12.95,13.15,12.75,12.95,10606002,TWSE,2025-06-07 13:27:07
2025-05-19,8110,華東,13.2,13.2,12.9,12.9,11684918,TWSE,2025-06-07 13:27:07
2025-05-19,8112,至上,51.6,51.6,50.5,50.7,87072099,TWSE,2025-06-07 13:27:07
2025-05-19,8114,振樺電,302.5,303.5,293.0,298.0,280954822,TWSE,2025-06-07 13:27:07
2025-05-19,8131,福懋科,27.05,27.05,26.75,26.8,3396094,TWSE,2025-06-07 13:27:07
2025-05-19,8150,南茂,28.3,28.65,28.05,28.05,66010992,TWSE,2025-06-07 13:27:07
2025-05-19,8162,微矽電子-創,34.9,34.9,34.05,34.85,276950,TWSE,2025-06-07 13:27:07
2025-05-19,8163,達方,38.6,38.6,37.9,37.9,11752028,TWSE,2025-06-07 13:27:07
2025-05-19,8201,無敵,12.0,12.0,11.7,11.7,478649,TWSE,2025-06-07 13:27:07
2025-05-19,8210,勤誠,292.5,293.0,287.0,287.0,389265754,TWSE,2025-06-07 13:27:07
2025-05-19,8213,志超,31.9,31.9,31.6,31.65,7985261,TWSE,2025-06-07 13:27:07
2025-05-19,8215,明基材,25.15,25.6,24.3,25.3,15533179,TWSE,2025-06-07 13:27:07
2025-05-19,8222,寶一,63.8,63.8,60.9,62.4,611395811,TWSE,2025-06-07 13:27:07
2025-05-19,8249,菱光,49.05,51.0,48.5,49.9,267865852,TWSE,2025-06-07 13:27:07
2025-05-19,8261,富鼎,80.2,80.2,78.7,78.9,29866450,TWSE,2025-06-07 13:27:07
2025-05-19,8271,宇瞻,51.1,51.1,50.3,50.4,5419053,TWSE,2025-06-07 13:27:07
2025-05-19,8341,日友,80.3,81.0,80.1,80.2,9739096,TWSE,2025-06-07 13:27:07
2025-05-19,8367,建新國際,49.9,50.5,49.45,49.65,7037658,TWSE,2025-06-07 13:27:07
2025-05-19,8374,羅昇,107.0,116.5,105.5,106.5,1099472156,TWSE,2025-06-07 13:27:07
2025-05-19,8404,百和興業-KY,22.2,22.2,21.65,21.8,12073812,TWSE,2025-06-07 13:27:07
2025-05-19,8411,福貞-KY,13.1,13.1,12.9,13.1,570572,TWSE,2025-06-07 13:27:07
2025-05-19,8422,可寧衛,190.0,193.5,189.5,192.0,107836193,TWSE,2025-06-07 13:27:07
2025-05-19,8429,金麗-KY,8.98,9.06,8.74,8.8,2319408,TWSE,2025-06-07 13:27:07
2025-05-19,8438,昶昕,35.5,36.5,33.0,33.0,47314209,TWSE,2025-06-07 13:27:07
2025-05-19,8442,威宏-KY,88.5,88.5,87.4,87.4,9944279,TWSE,2025-06-07 13:27:07
2025-05-19,8443,阿瘦,11.8,11.9,11.8,11.85,1060717,TWSE,2025-06-07 13:27:07
2025-05-19,8454,富邦媒,308.0,309.5,303.5,303.5,109290627,TWSE,2025-06-07 13:27:07
2025-05-19,8462,柏文,129.5,134.5,129.5,134.5,19500363,TWSE,2025-06-07 13:27:07
2025-05-19,8463,潤泰材,24.65,24.65,24.25,24.25,396916,TWSE,2025-06-07 13:27:07
2025-05-19,8464,億豐,444.5,445.0,429.0,433.0,472495127,TWSE,2025-06-07 13:27:07
2025-05-19,8466,美吉吉-KY,28.75,28.8,28.45,28.6,2531761,TWSE,2025-06-07 13:27:07
2025-05-19,8467,波力-KY,179.0,180.0,174.5,175.5,14367192,TWSE,2025-06-07 13:27:07
2025-05-19,8473,山林水,33.15,33.45,32.55,32.55,16395492,TWSE,2025-06-07 13:27:07
2025-05-19,8476,台境*,23.1,23.1,22.5,23.05,2915922,TWSE,2025-06-07 13:27:07
2025-05-19,8478,東哥遊艇,162.5,162.5,157.5,158.5,23123161,TWSE,2025-06-07 13:27:07
2025-05-19,8481,政伸,49.15,49.65,49.0,49.65,206751,TWSE,2025-06-07 13:27:07
2025-05-19,8482,商億-KY,64.1,65.5,64.0,64.4,517292,TWSE,2025-06-07 13:27:07
2025-05-19,8487,愛爾達-創,78.8,79.0,78.4,78.5,2613132,TWSE,2025-06-07 13:27:07
2025-05-19,8488,吉源-KY,11.75,11.85,11.6,11.85,179276,TWSE,2025-06-07 13:27:07
2025-05-19,8499,鼎炫-KY,151.0,151.0,149.0,149.5,1208118,TWSE,2025-06-07 13:27:07
2025-05-19,8926,台汽電,45.3,46.25,45.2,45.8,203555161,TWSE,2025-06-07 13:27:07
2025-05-19,8940,新天地,22.85,22.85,22.35,22.4,1254920,TWSE,2025-06-07 13:27:07
2025-05-19,8996,高力,241.0,258.0,241.0,247.0,1212360890,TWSE,2025-06-07 13:27:07
2025-05-19,9103,美德醫療-DR,5.7,5.75,5.52,5.75,6057125,TWSE,2025-06-07 13:27:07
2025-05-19,9105,泰金寶-DR,6.82,6.98,6.73,6.82,196876627,TWSE,2025-06-07 13:27:07
2025-05-19,9110,越南控-DR,6.45,6.45,6.45,6.45,6450,TWSE,2025-06-07 13:27:07
2025-05-19,9136,巨騰-DR,6.98,6.98,6.83,6.9,1073724,TWSE,2025-06-07 13:27:07
2025-05-19,9802,鈺齊-KY,106.0,106.0,101.5,101.5,129519890,TWSE,2025-06-07 13:27:07
2025-05-19,9902,台火,17.25,18.2,16.7,17.45,123854994,TWSE,2025-06-07 13:27:07
2025-05-19,9904,寶成,33.0,33.05,31.6,31.6,518934768,TWSE,2025-06-07 13:27:07
2025-05-19,9905,大華,23.2,23.25,23.2,23.2,685711,TWSE,2025-06-07 13:27:07
2025-05-19,9906,欣巴巴,85.0,85.1,83.0,83.5,12384318,TWSE,2025-06-07 13:27:07
2025-05-19,9907,統一實,20.5,20.9,20.35,20.6,110529306,TWSE,2025-06-07 13:27:07
2025-05-19,9908,大台北,31.0,31.15,30.9,31.0,2777070,TWSE,2025-06-07 13:27:07
2025-05-19,9910,豐泰,123.0,124.5,120.0,122.5,86978945,TWSE,2025-06-07 13:27:07
2025-05-19,9911,櫻花,87.3,87.4,86.6,87.2,31425534,TWSE,2025-06-07 13:27:07
2025-05-19,9912,偉聯,11.35,11.6,11.35,11.6,245733,TWSE,2025-06-07 13:27:07
2025-05-19,9914,美利達,121.0,121.0,117.0,118.5,370869416,TWSE,2025-06-07 13:27:07
2025-05-19,9917,中保科,119.0,120.0,118.5,118.5,52138015,TWSE,2025-06-07 13:27:07
2025-05-19,9918,欣天然,39.75,39.75,39.6,39.7,253283,TWSE,2025-06-07 13:27:07
2025-05-19,9919,康那香,17.6,18.55,17.6,18.55,85443254,TWSE,2025-06-07 13:27:07
2025-05-19,9921,巨大,123.0,123.0,119.0,120.5,229680639,TWSE,2025-06-07 13:27:07
2025-05-19,9924,福興,48.9,48.9,47.8,48.2,11675339,TWSE,2025-06-07 13:27:07
2025-05-19,9925,新保,41.3,41.5,41.2,41.4,6780772,TWSE,2025-06-07 13:27:07
2025-05-19,9927,泰銘,70.8,70.8,70.2,70.3,12463729,TWSE,2025-06-07 13:27:07
2025-05-19,9928,中視,16.1,16.1,15.9,15.9,1172690,TWSE,2025-06-07 13:27:07
2025-05-19,9929,秋雨,15.1,15.2,14.75,15.15,212199,TWSE,2025-06-07 13:27:07
2025-05-19,9930,中聯資源,79.7,80.5,79.7,80.2,19834937,TWSE,2025-06-07 13:27:07
2025-05-19,9931,欣高,35.25,35.25,35.1,35.1,518103,TWSE,2025-06-07 13:27:07
2025-05-19,9933,中鼎,27.5,27.95,26.8,27.0,290137568,TWSE,2025-06-07 13:27:07
2025-05-19,9934,成霖,11.2,11.2,10.95,10.95,7375813,TWSE,2025-06-07 13:27:07
2025-05-19,9935,慶豐富,25.25,25.35,24.55,24.7,17416812,TWSE,2025-06-07 13:27:07
2025-05-19,9937,全國,62.5,62.5,60.4,61.7,1470071,TWSE,2025-06-07 13:27:07
2025-05-19,9938,百和,58.9,58.9,57.2,57.3,77292415,TWSE,2025-06-07 13:27:07
2025-05-19,9939,宏全,154.0,155.0,152.0,153.0,105185319,TWSE,2025-06-07 13:27:07
2025-05-19,9940,信義,28.4,28.45,27.95,28.1,6017987,TWSE,2025-06-07 13:27:07
2025-05-19,9941,裕融,114.0,115.5,113.5,115.0,52555765,TWSE,2025-06-07 13:27:07
2025-05-19,9942,茂順,116.5,118.5,116.5,118.0,3511873,TWSE,2025-06-07 13:27:07
2025-05-19,9943,好樂迪,77.9,78.4,77.9,77.9,2381055,TWSE,2025-06-07 13:27:07
2025-05-19,9944,新麗,17.15,17.5,17.1,17.2,4335663,TWSE,2025-06-07 13:27:07
2025-05-19,9945,潤泰新,31.4,31.4,30.4,30.45,281253571,TWSE,2025-06-07 13:27:07
2025-05-19,9946,三發地產,19.95,20.1,19.85,19.9,2885181,TWSE,2025-06-07 13:27:07
2025-05-19,9955,佳龍,29.5,29.75,29.0,29.1,24003755,TWSE,2025-06-07 13:27:07
2025-05-19,9958,世紀鋼,178.5,183.0,178.5,179.5,526867700,TWSE,2025-06-07 13:27:07
